Title,Artist,Year,Entity,Entity Type,Sentiment
Señorita,Shawn Mendes,2019.,miami,locations,"{'neg': 0.0, 'neu': 1.0, 'pos': 0.0, 'compound': 0.0}",Land in Miami
The Box,Roddy Ricch,2019.,cadillac,brands,"{'neg': 0.0, 'neu': 1.0, 'pos': 0.0, 'compound': 0.0}",Cruise the city in a bulletproof Cadillac (Skrrt)
The Box,Roddy Ricch,2019.,patek,brands,"{'neg': 0.0, 'neu': 0.465, 'pos': 0.535, 'compound': 0.5574}","Patek like the sea, forgive me"
The Box,Roddy Ricch,2019.,rollie,brands,"{'neg': 0.0, 'neu': 0.737, 'pos': 0.263, 'compound': 0.3612}",I just made the Rollie plain like a landing strip
LA CANCIÓN,J Balvin,2019.,chanel,brands,"{'neg': 0.0, 'neu': 1.0, 'pos': 0.0, 'compound': 0.0}","Tú brincando mojaíta', sudando Chanel"
Wow.,Post Malone,2019.,lambo,brands,"{'neg': 0.0, 'neu': 1.0, 'pos': 0.0, 'compound': 0.0}",750 Lambo in the Utah snow (Skrrt)
Wow.,Post Malone,2019.,utah,locations,"{'neg': 0.0, 'neu': 1.0, 'pos': 0.0, 'compound': 0.0}",750 Lambo in the Utah snow (Skrrt)
Old Town Road,Lil Nas X,2019.,porsche,brands,"{'neg': 0.0, 'neu': 1.0, 'pos': 0.0, 'compound': 0.0}",You can whip your Porsche
Old Town Road,Lil Nas X,2019.,gucci,brands,"{'neg': 0.0, 'neu': 1.0, 'pos': 0.0, 'compound': 0.0}",Cowboy hat from Gucci
Old Town Road,Lil Nas X,2019.,wrangler,brands,"{'neg': 0.0, 'neu': 1.0, 'pos': 0.0, 'compound': 0.0}",Wrangler on my booty
ROXANNE,Arizona Zervas,2019.,malibu,locations,"{'neg': 0.0, 'neu': 1.0, 'pos': 0.0, 'compound': 0.0}","Malibu, uh, Malibu"
ROXANNE,Arizona Zervas,2019.,la,locations,"{'neg': 0.208, 'neu': 0.377, 'pos': 0.415, 'compound': 0.296}","In LA, yeah, got no brakes, yeah"
Beautiful People,Ed Sheeran,2019.,lamborghinis,brands,"{'neg': 0.0, 'neu': 1.0, 'pos': 0.0, 'compound': 0.0}",Lamborghinis and their rented Hummers
Beautiful People,Ed Sheeran,2019.,hummers,brands,"{'neg': 0.0, 'neu': 1.0, 'pos': 0.0, 'compound': 0.0}",Lamborghinis and their rented Hummers
Beautiful People,Ed Sheeran,2019.,l.a.,locations,"{'neg': 0.0, 'neu': 1.0, 'pos': 0.0, 'compound': 0.0}","L.A., mmm"
Ransom,Lil Tecca,2019.,phantom,brands,"{'neg': 0.247, 'neu': 0.753, 'pos': 0.0, 'compound': -0.3182}",Hop outside a Ghost and hop up in a Phantom
Ransom,Lil Tecca,2019.,glocks,brands,"{'neg': 0.0, 'neu': 1.0, 'pos': 0.0, 'compound': 0.0}","I got two twin Glocks, turn you to a dancer"
Ransom,Lil Tecca,2019.,chanel,brands,"{'neg': 0.0, 'neu': 1.0, 'pos': 0.0, 'compound': 0.0}","The Chanel or Balenciaga, Louis and Vuitton"
Ransom,Lil Tecca,2019.,balenciaga,brands,"{'neg': 0.0, 'neu': 1.0, 'pos': 0.0, 'compound': 0.0}","The Chanel or Balenciaga, Louis and Vuitton"
Ransom,Lil Tecca,2019.,louis,brands,"{'neg': 0.0, 'neu': 1.0, 'pos': 0.0, 'compound': 0.0}","The Chanel or Balenciaga, Louis and Vuitton"
Ransom,Lil Tecca,2019.,fendi,brands,"{'neg': 0.0, 'neu': 1.0, 'pos': 0.0, 'compound': 0.0}","She know I got the Fendi, Prada when I hit Milan"
Ransom,Lil Tecca,2019.,prada,brands,"{'neg': 0.0, 'neu': 1.0, 'pos': 0.0, 'compound': 0.0}","She know I got the Fendi, Prada when I hit Milan"
Ransom,Lil Tecca,2019.,milan,locations,"{'neg': 0.0, 'neu': 1.0, 'pos': 0.0, 'compound': 0.0}","She know I got the Fendi, Prada when I hit Milan"
No Me Conoce,JHAYCO,2019.,barbie,brands,"{'neg': 0.239, 'neu': 0.761, 'pos': 0.0, 'compound': -0.296}",Una Barbie pero no busca un Ken (No)
MIDDLE CHILD,PnB Rock,2019.,louis,brands,"{'neg': 0.0, 'neu': 1.0, 'pos': 0.0, 'compound': 0.0}","So much cash in my jeans, Louis V, pocket wallet"
Under The Influence,Chris Brown,2019.,molly,brands,"{'neg': 0.0, 'neu': 1.0, 'pos': 0.0, 'compound': 0.0}",Can't do Percocets or Molly (Molly)
Under The Influence,Chris Brown,2019.,gopro,brands,"{'neg': 0.0, 'neu': 1.0, 'pos': 0.0, 'compound': 0.0}",Let's GoPro and make a video (Video)
Goodbyes,Post Malone,2019.,barbie,brands,"{'neg': 0.0, 'neu': 1.0, 'pos': 0.0, 'compound': 0.0}","You're Barbie life doll, it's Nicki Minaj"
China,Anuel AA,2019.,cartagena,locations,"{'neg': 0.0, 'neu': 1.0, 'pos': 0.0, 'compound': 0.0}","De R.D. hasta Cartagena (Come on, come on)"
Dior,Pop Smoke,2019.,dior,brands,"{'neg': 0.0, 'neu': 1.0, 'pos': 0.0, 'compound': 0.0}","Christian Dior, Dior"
Streets,Doja Cat,2019.,paris,locations,"{'neg': 0.0, 'neu': 1.0, 'pos': 0.0, 'compound': 0.0}","I could take you to the parents, then to Paris"
No Guidance,Chris Brown,2019.,birkin,brands,"{'neg': 0.0, 'neu': 1.0, 'pos': 0.0, 'compound': 0.0}","Lil' baby in her bag, in her Birkin (Ayy)"
If I Can't Have You,Shawn Mendes,2019.,toronto,locations,"{'neg': 0.0, 'neu': 1.0, 'pos': 0.0, 'compound': 0.0}",I'm in Toronto and I got this view
EARFQUAKE,"Tyler, The Creator",2019.,tiffany,brands,"{'neg': 0.212, 'neu': 0.788, 'pos': 0.0, 'compound': -0.2235}","These diamonds not Tiffany, huh, yeah (Woah, woah)"
Lalala,Y2K,2019.,gucci,brands,"{'neg': 0.0, 'neu': 0.78, 'pos': 0.22, 'compound': 0.4767}","Got that Gucci on my body, now she tryna pipe me, woo"
Lalala,Y2K,2019.,canada,locations,"{'neg': 0.0, 'neu': 1.0, 'pos': 0.0, 'compound': 0.0}","Baby so cold, he from the north, he from the Canada"
RITMO (Bad Boys For Life),Black Eyed Peas,2019.,reebok,brands,"{'neg': 0.239, 'neu': 0.761, 'pos': 0.0, 'compound': -0.296}",No son ni Reebok ni son Nike (No)
RITMO (Bad Boys For Life),Black Eyed Peas,2019.,nike,brands,"{'neg': 0.239, 'neu': 0.761, 'pos': 0.0, 'compound': -0.296}",No son ni Reebok ni son Nike (No)
RITMO (Bad Boys For Life),Black Eyed Peas,2019.,mexico,locations,"{'neg': 0.419, 'neu': 0.581, 'pos': 0.0, 'compound': -0.5574}",I learned that shit down in Mexico
Bandit,Juice WRLD,2019.,tommy hilfiger,brands,"{'neg': 0.496, 'neu': 0.504, 'pos': 0.0, 'compound': -0.7096}","That Tommy hit a nigga, Tommy Hilfiger, fuck niggas"
Ballin',Mustard,2019.,jeep,brands,"{'neg': 0.0, 'neu': 1.0, 'pos': 0.0, 'compound': 0.0}",I put the new Forgis on the Jeep
Ballin',Mustard,2019.,maybach,brands,"{'neg': 0.0, 'neu': 1.0, 'pos': 0.0, 'compound': 0.0}",I hopped inside of the Maybach and now I can sit back
Ballin',Mustard,2019.,givenchy,brands,"{'neg': 0.0, 'neu': 1.0, 'pos': 0.0, 'compound': 0.0}","Givenchy to my toes, two twins, I'm fucking 'em both"
Ballin',Mustard,2019.,bentayga,brands,"{'neg': 0.0, 'neu': 1.0, 'pos': 0.0, 'compound': 0.0}",Got my baby mama that new Bentayga
Ballin',Mustard,2019.,rolls royce,brands,"{'neg': 0.0, 'neu': 1.0, 'pos': 0.0, 'compound': 0.0}",Rolls Royce umbrellas when I'm in the rain
Ballin',Mustard,2019.,london,locations,"{'neg': 0.0, 'neu': 0.8, 'pos': 0.2, 'compound': 0.3612}",I run the racks up with my queen like London and Nip
Ballin',Mustard,2019.,new orleans,locations,"{'neg': 0.322, 'neu': 0.678, 'pos': 0.0, 'compound': -0.5859}","Got a New Orleans bitch and man, that pussy voodoo"
double take,Dhruv,2019.,levis,brands,"{'neg': 0.0, 'neu': 1.0, 'pos': 0.0, 'compound': 0.0}",Those blue Levi's inside my head
Pop Out,Polo G,2019.,rollie,brands,"{'neg': 0.0, 'neu': 0.783, 'pos': 0.217, 'compound': 0.3612}","Diamonds in the Rollie, they in HD like it’s Blu-Ray"
Pop Out,Polo G,2019.,glock,brands,"{'neg': 0.0, 'neu': 1.0, 'pos': 0.0, 'compound': 0.0}","Lil' bro get up close, let the Glock .22 spray"
Pop Out,Polo G,2019.,cali,locations,"{'neg': 0.0, 'neu': 1.0, 'pos': 0.0, 'compound': 0.0}","Booked a flight to Cali, racks and condoms in my suitcase"
BOP,DaBaby,2019.,cali,locations,"{'neg': 0.0, 'neu': 0.762, 'pos': 0.238, 'compound': 0.3612}",I'm going back to Cali like Biggie (Go back)
The Man,Taylor Swift,2019.,saint-tropez,locations,"{'neg': 0.0, 'neu': 0.706, 'pos': 0.294, 'compound': 0.3612}",I’d be just like Leo in Saint-Tropez
Con Altura,ROSALÍA,2019.,panamera,brands,"{'neg': 0.0, 'neu': 1.0, 'pos': 0.0, 'compound': 0.0}",Pongo rosas sobre el Panamera (Brum)
South of the Border,Ed Sheeran,2019.,jordan,brands,"{'neg': 0.0, 'neu': 1.0, 'pos': 0.0, 'compound': 0.0}","Legs open, tongue out, Michael Jordan, uh (Uh)"
South of the Border,Ed Sheeran,2019.,lamborghini,brands,"{'neg': 0.0, 'neu': 1.0, 'pos': 0.0, 'compound': 0.0}",Pull up to my spot in Lamborghini
South of the Border,Ed Sheeran,2019.,buenos aires,locations,"{'neg': 0.0, 'neu': 1.0, 'pos': 0.0, 'compound': 0.0}",In a green field near Buenos Aires
Panini,Lil Nas X,2019.,benz,brands,"{'neg': 0.282, 'neu': 0.718, 'pos': 0.0, 'compound': -0.2411}","I need a big Benz, not another fan"
F.N,Lil Tjay,2019.,cartier,brands,"{'neg': 0.0, 'neu': 0.658, 'pos': 0.342, 'compound': 0.3818}","Cartier glasses, 20/20, got a clear view"
The London,Young Thug,2019.,lamb,brands,"{'neg': 0.0, 'neu': 1.0, 'pos': 0.0, 'compound': 0.0}","I'm in the Lamb', so she gon' ride (Yeah)"
The London,Young Thug,2019.,dodge,brands,"{'neg': 0.0, 'neu': 0.706, 'pos': 0.294, 'compound': 0.3612}",I could charge 'em like a Dodge Hemi Demon
The London,Young Thug,2019.,london,locations,"{'neg': 0.0, 'neu': 1.0, 'pos': 0.0, 'compound': 0.0}",Me-meet me at The London
Pure Water,Mustard,2019.,rari,brands,"{'neg': 0.132, 'neu': 0.719, 'pos': 0.15, 'compound': 0.0772}","I go Lawrence with the fit, in the 'Rari with no tint ('Rari, drip, drip)"
Pure Water,Mustard,2019.,celine,brands,"{'neg': 0.0, 'neu': 0.815, 'pos': 0.185, 'compound': 0.3612}",In the lab with Celine like that bag that she wanted (Celine)
Pure Water,Mustard,2019.,canada,locations,"{'neg': 0.0, 'neu': 1.0, 'pos': 0.0, 'compound': 0.0}","I'm not from Canada, but I see a lot of tings (Canada)"
Adicto,Tainy,2019.,lambo,brands,"{'neg': 0.0, 'neu': 1.0, 'pos': 0.0, 'compound': 0.0}","Si tu mamá te llama en la Lambo, contéstale"
Adicto,Tainy,2019.,valentino,brands,"{'neg': 0.0, 'neu': 0.816, 'pos': 0.184, 'compound': 0.4019}","Que los party' dan pa' el vestido 'e Valentino, e' algo divino (Uah)"
Pa Mí,Dalex,2019.,balenciaga,brands,"{'neg': 0.0, 'neu': 1.0, 'pos': 0.0, 'compound': 0.0}","Ponte la Balenciaga, dale, vámonos"
My Oh My,Camila Cabello,2019.,bimmer,brands,"{'neg': 0.131, 'neu': 0.869, 'pos': 0.0, 'compound': -0.2755}","Don't like the car she in, gon' end up buyin' her a new Bimmer (Let's go)"
Otro Trago,Sech,2019.,puerto rico,locations,"{'neg': 0.0, 'neu': 1.0, 'pos': 0.0, 'compound': 0.0}",Panamá and Puerto Rico
Fantasias,Rauw Alejandro,2019.,rome,locations,"{'neg': 0.0, 'neu': 1.0, 'pos': 0.0, 'compound': 0.0}","Urba y Rome, Urba y Rome"
Fantasias,Rauw Alejandro,2019.,miami,locations,"{'neg': 0.0, 'neu': 1.0, 'pos': 0.0, 'compound': 0.0}",Frank Miami
Suge,DaBaby,2019.,glock,brands,"{'neg': 0.0, 'neu': 1.0, 'pos': 0.0, 'compound': 0.0}","The other one, that's where the Glock at (Glock)"
all the good girls go to hell,Billie Eilish,2019.,california,locations,"{'neg': 0.0, 'neu': 1.0, 'pos': 0.0, 'compound': 0.0}",Hills burn in California
Mount Everest,Labrinth,2019.,dubai,locations,"{'neg': 0.0, 'neu': 0.672, 'pos': 0.328, 'compound': 0.4449}",Burj Dubai ain't got shit on me
I.F.L.Y.,Bazzi,2019.,champion,brands,"{'neg': 0.0, 'neu': 0.227, 'pos': 0.773, 'compound': 0.8481}","Champion, you're number one, yeah, that's true"
Post Malone,Sam Feldt,2019.,bacardi,brands,"{'neg': 0.0, 'neu': 1.0, 'pos': 0.0, 'compound': 0.0}","One more drink, got one more Bacardi"
Post Malone,Sam Feldt,2019.,ferrari,brands,"{'neg': 0.0, 'neu': 0.59, 'pos': 0.41, 'compound': 0.4173}",Speed so fast like a Ferrari
Suicidal,YNW Melly,2019.,hennessy,brands,"{'neg': 0.0, 'neu': 1.0, 'pos': 0.0, 'compound': 0.0}",Left lipstick on my Hennessy
So Am I,Ava Max,2019.,harley,brands,"{'neg': 0.0, 'neu': 1.0, 'pos': 0.0, 'compound': 0.0}",And call me Harley
Hollywood's Bleeding,Post Malone,2019.,lambo,brands,"{'neg': 0.0, 'neu': 1.0, 'pos': 0.0, 'compound': 0.0}","This is more than I can handle, blood in my Lambo'"
Verte Ir,DJ Luian,2019.,callao,locations,"{'neg': 0.306, 'neu': 0.694, 'pos': 0.0, 'compound': -0.296}","Calla'o, que no se entere nadie"
Verte Ir,DJ Luian,2019.,colombia,locations,"{'neg': 0.0, 'neu': 1.0, 'pos': 0.0, 'compound': 0.0}",'Toy adicto con ese cuerpo de Colombia
Location,Dave,2019.,benz,brands,"{'neg': 0.0, 'neu': 1.0, 'pos': 0.0, 'compound': 0.0}","Inna the big black Benz, pullin' up"
Location,Dave,2019.,off-white,brands,"{'neg': 0.0, 'neu': 1.0, 'pos': 0.0, 'compound': 0.0}","Money moves, Off-White shoes"
Location,Dave,2019.,india,locations,"{'neg': 0.0, 'neu': 1.0, 'pos': 0.0, 'compound': 0.0}","Girl from India, sweetest nani"
Who Do You Love,The Chainsmokers,2019.,fendi,brands,"{'neg': 0.0, 'neu': 1.0, 'pos': 0.0, 'compound': 0.0}",Found cigarettes in your Fendi coat
Camelot,NLE Choppa,2019.,kingston,locations,"{'neg': 0.0, 'neu': 1.0, 'pos': 0.0, 'compound': 0.0}","And shout out to Kingston, I keep me some Rastas"
Camelot,NLE Choppa,2019.,batman,locations,"{'neg': 0.0, 'neu': 0.658, 'pos': 0.342, 'compound': 0.3818}","I love Batman, but a young nigga robbin'"
High Fashion,Roddy Ricch,2019.,benz,brands,"{'neg': 0.0, 'neu': 0.808, 'pos': 0.192, 'compound': 0.2263}",If we hop in the Benz is that okay?
High Fashion,Roddy Ricch,2019.,prada,brands,"{'neg': 0.0, 'neu': 0.808, 'pos': 0.192, 'compound': 0.2263}",Is it okay if I call you my Prada bae?
High Fashion,Roddy Ricch,2019.,patek,brands,"{'neg': 0.0, 'neu': 1.0, 'pos': 0.0, 'compound': 0.0}","And I keep a Patek, too, 'cause I don't do facades"
Juice,Lizzo,2019.,louis,brands,"{'neg': 0.0, 'neu': 1.0, 'pos': 0.0, 'compound': 0.0}",Louis down to my drawers
Juice,Lizzo,2019.,lv,locations,"{'neg': 0.0, 'neu': 1.0, 'pos': 0.0, 'compound': 0.0}","LV all on my shoes (Ooh, baby)"
Harleys In Hawaii,Katy Perry,2019.,harleys,brands,"{'neg': 0.0, 'neu': 1.0, 'pos': 0.0, 'compound': 0.0}",We're ridin' Harleys in Hawaii-i38Embed
Homicide,Logic,2019.,rover,brands,"{'neg': 0.0, 'neu': 0.737, 'pos': 0.263, 'compound': 0.3612}","Like Red Rover, so you know what I meant"
Homicide,Logic,2019.,ford,brands,"{'neg': 0.0, 'neu': 0.784, 'pos': 0.216, 'compound': 0.296}",You're lackin' the stamina while you're divorcin' Harrison Ford
Homicide,Logic,2019.,porsche,brands,"{'neg': 0.0, 'neu': 1.0, 'pos': 0.0, 'compound': 0.0}",And I'm in a Porsche on the floorboards
Heart To Heart,Mac DeMarco,2019.,miller,brands,"{'neg': 0.0, 'neu': 1.0, 'pos': 0.0, 'compound': 0.0}",You might also like[Outro: Mac Miller & Mac DeMarco]
Si Se Da,Myke Towers,2019.,montana,locations,"{'neg': 0.0, 'neu': 1.0, 'pos': 0.0, 'compound': 0.0}",Junto a Montana The Producer y Los Illusions
Like That,Doja Cat,2019.,gucci,brands,"{'neg': 0.0, 'neu': 1.0, 'pos': 0.0, 'compound': 0.0}",[Chorus: Doja Cat & Gucci Mane]
Like That,Doja Cat,2019.,off-white,brands,"{'neg': 0.252, 'neu': 0.748, 'pos': 0.0, 'compound': -0.4019}","He got Off-White on right, damn, he can dress"
Like That,Doja Cat,2019.,el dorado,locations,"{'neg': 0.0, 'neu': 1.0, 'pos': 0.0, 'compound': 0.0}","Gucci El Dorado, we in Rome, I'm a model (Rome)"
Like That,Doja Cat,2019.,rome,locations,"{'neg': 0.0, 'neu': 1.0, 'pos': 0.0, 'compound': 0.0}","Gucci El Dorado, we in Rome, I'm a model (Rome)"
SUGAR,BROCKHAMPTON,2019.,jordan,brands,"{'neg': 0.0, 'neu': 1.0, 'pos': 0.0, 'compound': 0.0}",Used to trade Jordan for some molly
SUGAR,BROCKHAMPTON,2019.,texas,locations,"{'neg': 0.0, 'neu': 0.732, 'pos': 0.268, 'compound': 0.296}","Hunnid, Texas heat, and yeah, we cruisin'"
Amigos Con Derechos,Reik,2019.,san juan,locations,"{'neg': 0.0, 'neu': 1.0, 'pos': 0.0, 'compound': 0.0}",Eran las ocho y quince en la plaza de San Juan
Shotta Flow,NLE Choppa,2019.,mexico,locations,"{'neg': 0.0, 'neu': 1.0, 'pos': 0.0, 'compound': 0.0}","Baby Mexico Shotta, you heard me?"
Shotta Flow,NLE Choppa,2019.,philly,locations,"{'neg': 0.0, 'neu': 0.472, 'pos': 0.528, 'compound': 0.7717}","Bet, love all the beef like a Southwest Philly"
I Think I'm OKAY,mgk,2019.,california,locations,"{'neg': 0.0, 'neu': 0.772, 'pos': 0.228, 'compound': 0.1967}",But I cannot hide in hills of California
223's,YNW Melly,2019.,glocks,brands,"{'neg': 0.0, 'neu': 1.0, 'pos': 0.0, 'compound': 0.0}","Two guns, that's the twin Glocks, I roger that"
223's,YNW Melly,2019.,google,brands,"{'neg': 0.0, 'neu': 0.737, 'pos': 0.263, 'compound': 0.3612}","Like apostrophe, Google forgot a comma in the back"
Sanguine Paradise,Lil Uzi Vert,2019.,montana,locations,"{'neg': 0.0, 'neu': 1.0, 'pos': 0.0, 'compound': 0.0}","Mykko Montana, this beat is from K Camp"
xanny,Billie Eilish,2019.,coke,brands,"{'neg': 0.0, 'neu': 1.0, 'pos': 0.0, 'compound': 0.0}",Still just drinking canned Coke
xanny,Billie Eilish,2019.,xanny,brands,"{'neg': 0.0, 'neu': 1.0, 'pos': 0.0, 'compound': 0.0}","Don't give me a Xanny, now or ever"
xanny,Billie Eilish,2019.,uber,brands,"{'neg': 0.0, 'neu': 0.792, 'pos': 0.208, 'compound': 0.2732}",Can you check your Uber rating? Oh my god
Cover Me Up,Morgan Wallen,2019.,richmond,locations,"{'neg': 0.0, 'neu': 1.0, 'pos': 0.0, 'compound': 0.0}",In Richmond on high
Saint-Tropez,Post Malone,2019.,versace,brands,"{'neg': 0.485, 'neu': 0.515, 'pos': 0.0, 'compound': -0.765}","Versace boxers on my dick (On my dick, damn)"
Saint-Tropez,Post Malone,2019.,bud light,brands,"{'neg': 0.31, 'neu': 0.69, 'pos': 0.0, 'compound': -0.4019}",Bud Light runnin' through my piss (Ooh)
Saint-Tropez,Post Malone,2019.,saint-tropez,locations,"{'neg': 0.0, 'neu': 1.0, 'pos': 0.0, 'compound': 0.0}","I'm in Saint-Tropez, I had to check wrist47Embed"
Quizas,Rich Music LTD,2019.,jordan,brands,"{'neg': 0.0, 'neu': 1.0, 'pos': 0.0, 'compound': 0.0}",Hoy saqué a pasear la' Jordan y la Merce (-ce)
HONEST,Baby Keem,2019.,toyota,brands,"{'neg': 0.299, 'neu': 0.467, 'pos': 0.234, 'compound': -0.1779}",I whip that red Toyota like it's stolen
HONEST,Baby Keem,2019.,toyota,locations,"{'neg': 0.299, 'neu': 0.467, 'pos': 0.234, 'compound': -0.1779}",I whip that red Toyota like it's stolen
Playing Games,Summer Walker,2019.,paris,locations,"{'neg': 0.0, 'neu': 1.0, 'pos': 0.0, 'compound': 0.0}",Shopping in Paris or go
Playing Games,Summer Walker,2019.,london,locations,"{'neg': 0.0, 'neu': 1.0, 'pos': 0.0, 'compound': 0.0}",(We got London on the track)14Embed
In My Room,Frank Ocean,2019.,richard mille,brands,"{'neg': 0.0, 'neu': 1.0, 'pos': 0.0, 'compound': 0.0}","Richard Mille, look at my ears, flooded with diamonds"
VALENTINO,24kGoldn,2019.,valentino,brands,"{'neg': 0.379, 'neu': 0.621, 'pos': 0.0, 'compound': -0.1139}","I don't want a valentine, I just want Valentino"
VALENTINO,24kGoldn,2019.,minute maid,brands,"{'neg': 0.261, 'neu': 0.598, 'pos': 0.141, 'compound': -0.3843}","I fuck her long, ain't no Minute Maid, my diamonds lemonade"
VALENTINO,24kGoldn,2019.,gucci,brands,"{'neg': 0.366, 'neu': 0.634, 'pos': 0.0, 'compound': -0.6369}","Gucci shades from my bougie bitch, I ain't even had to pay"
Did It Again,Lil Tecca,2019.,rari,brands,"{'neg': 0.0, 'neu': 1.0, 'pos': 0.0, 'compound': 0.0}",Crashed the 'Rari so I hopped in the Benz
Did It Again,Lil Tecca,2019.,benz,brands,"{'neg': 0.0, 'neu': 1.0, 'pos': 0.0, 'compound': 0.0}",Crashed the 'Rari so I hopped in the Benz
Did It Again,Lil Tecca,2019.,france,locations,"{'neg': 0.0, 'neu': 1.0, 'pos': 0.0, 'compound': 0.0}","I got bands, one day I'm flying to France"
Did It Again,Lil Tecca,2019.,japan,locations,"{'neg': 0.0, 'neu': 1.0, 'pos': 0.0, 'compound': 0.0}","Flyin' my mom to Japan, flyin' my dad to Japan, we in a Benz"
Que Mas Pues,Sech,2019.,medellín,locations,"{'neg': 0.0, 'neu': 1.0, 'pos': 0.0, 'compound': 0.0}","Ya me fui de Medellín, pero sé"
Hot (Remix) [feat. Gunna and Travis Scott],Young Thug,2019.,nike,brands,"{'neg': 0.0, 'neu': 1.0, 'pos': 0.0, 'compound': 0.0}","Nike kimi qaçıram, artıq işlər kontroldadır"
Hot (Remix) [feat. Gunna and Travis Scott],Young Thug,2019.,cartier,brands,"{'neg': 0.0, 'neu': 1.0, 'pos': 0.0, 'compound': 0.0}","Cartier cinslər, əynimdən düşmür"
Hot (Remix) [feat. Gunna and Travis Scott],Young Thug,2019.,chanel,brands,"{'neg': 0.0, 'neu': 1.0, 'pos': 0.0, 'compound': 0.0}",Təzə Chanel Patek'i özüm tənzimlədim
Hot (Remix) [feat. Gunna and Travis Scott],Young Thug,2019.,birkin,brands,"{'neg': 0.0, 'neu': 1.0, 'pos': 0.0, 'compound': 0.0}","Adderall, Birkin, təptəzə uzun daraqlar"
Hot (Remix) [feat. Gunna and Travis Scott],Young Thug,2019.,maybach,brands,"{'neg': 0.0, 'neu': 1.0, 'pos': 0.0, 'compound': 0.0}","Daha böyük Maybach, bu elə belə orta boylu deyil"
Hot (Remix) [feat. Gunna and Travis Scott],Young Thug,2019.,adderall,brands,"{'neg': 0.0, 'neu': 1.0, 'pos': 0.0, 'compound': 0.0}","Adderall, Birkin, təptəzə uzun daraqlar"
Hot (Remix) [feat. Gunna and Travis Scott],Young Thug,2019.,sprite,brands,"{'neg': 0.0, 'neu': 1.0, 'pos': 0.0, 'compound': 0.0}",Amma elə bayaq qardaşıma ötürdüm onu içdiyim Sprite kimi
Hot (Remix) [feat. Gunna and Travis Scott],Young Thug,2019.,bentley,brands,"{'neg': 0.0, 'neu': 1.0, 'pos': 0.0, 'compound': 0.0}",Təzdən sport Bentley aldım sonra Cayenne'nin içinə tullandım
Hot (Remix) [feat. Gunna and Travis Scott],Young Thug,2019.,wrangler,brands,"{'neg': 0.0, 'neu': 1.0, 'pos': 0.0, 'compound': 0.0}",Wrangler sport maşını radara düşüb 200'lə
Hot (Remix) [feat. Gunna and Travis Scott],Young Thug,2019.,richard mille,brands,"{'neg': 0.0, 'neu': 1.0, 'pos': 0.0, 'compound': 0.0}","Meydandayam, Odell kimi Richard Mille qolumdadı"
Hot (Remix) [feat. Gunna and Travis Scott],Young Thug,2019.,canada,locations,"{'neg': 0.0, 'neu': 1.0, 'pos': 0.0, 'compound': 0.0}",Canada Dry'ma bir az sirop tök
Hot (Remix) [feat. Gunna and Travis Scott],Young Thug,2019.,paris,locations,"{'neg': 0.0, 'neu': 1.0, 'pos': 0.0, 'compound': 0.0}","Çox isti oldu bura, elə bil bunu Paris Hilton dedi"
VIBEZ,DaBaby,2019.,bacardi,brands,"{'neg': 0.315, 'neu': 0.581, 'pos': 0.104, 'compound': -0.7269}","My bitch drink Bacardi, I'm in this bitch feelin' like 'Set (Okurr), quarter mil' on my neck"
VIBEZ,DaBaby,2019.,louis,brands,"{'neg': 0.333, 'neu': 0.667, 'pos': 0.0, 'compound': -0.25}","Louis V army fatigue (Yes, sir)"
Mixed Personalities,YNW Melly,2019.,adderall,brands,"{'neg': 0.322, 'neu': 0.678, 'pos': 0.0, 'compound': -0.5859}","This bitch is hyper, need some Adderall (Oh, no)"
Mixed Personalities,YNW Melly,2019.,glock,brands,"{'neg': 0.229, 'neu': 0.422, 'pos': 0.349, 'compound': 0.25}","Better go get a locksmith, better go get your Glock, bitch"
Mixed Personalities,YNW Melly,2019.,bahamas,locations,"{'neg': 0.241, 'neu': 0.759, 'pos': 0.0, 'compound': -0.5859}","Take the bitch out to Bahamas, let the ho eat at Benihana (Benihana)"
Woah,Lil Baby,2019.,birkin,brands,"{'neg': 0.0, 'neu': 0.822, 'pos': 0.178, 'compound': 0.0772}",Call Gunna if you want you a Birkin
Stuck In A Dream,Lil Mosey,2019.,royce,brands,"{'neg': 0.0, 'neu': 1.0, 'pos': 0.0, 'compound': 0.0}","Ayy, Royce, you did it right here27Embed"
Stuck In A Dream,Lil Mosey,2019.,xans,brands,"{'neg': 0.0, 'neu': 1.0, 'pos': 0.0, 'compound': 0.0}","Still poppin' Xans, 2019"
Stuck In A Dream,Lil Mosey,2019.,celine,brands,"{'neg': 0.0, 'neu': 1.0, 'pos': 0.0, 'compound': 0.0}","I got the ice on me, drippin' CELINE (CELINE)"
Stuck In A Dream,Lil Mosey,2019.,patek,brands,"{'neg': 0.286, 'neu': 0.714, 'pos': 0.0, 'compound': -0.4215}","Last year was broke, this year flooded a Patek"
Stuck In A Dream,Lil Mosey,2019.,porsche,brands,"{'neg': 0.0, 'neu': 1.0, 'pos': 0.0, 'compound': 0.0}","Hit it, I speed up the Porsche (Skrrt)"
Stuck In A Dream,Lil Mosey,2019.,seattle,locations,"{'neg': 0.0, 'neu': 1.0, 'pos': 0.0, 'compound': 0.0}",I keep fourteen racks in my Seattle attic
Stuck In A Dream,Lil Mosey,2019.,milan,locations,"{'neg': 0.0, 'neu': 1.0, 'pos': 0.0, 'compound': 0.0}",Last weekend I was in Milan (Milan)
GATTI,JACKBOYS,2019.,bugatti,brands,"{'neg': 0.0, 'neu': 1.0, 'pos': 0.0, 'compound': 0.0}","And I'm in that Bugatti, movin' too hotty (Bah)"
GATTI,JACKBOYS,2019.,louis,brands,"{'neg': 0.0, 'neu': 1.0, 'pos': 0.0, 'compound': 0.0}","And she got a Louis bag (Yeah), that hold the extendo (Woo, woo)"
GATTI,JACKBOYS,2019.,chanel,brands,"{'neg': 0.0, 'neu': 1.0, 'pos': 0.0, 'compound': 0.0}",Coco Chanel when she tuck it
Rules,Doja Cat,2019.,austin,locations,"{'neg': 0.0, 'neu': 0.737, 'pos': 0.263, 'compound': 0.3612}",Nigga wan' spy on the pussy like Austin
Cuaderno,Dalex,2019.,google,brands,"{'neg': 0.0, 'neu': 1.0, 'pos': 0.0, 'compound': 0.0}",Parezco Google buscándote
Daylight,Taylor Swift,2019.,new york,locations,"{'neg': 0.0, 'neu': 1.0, 'pos': 0.0, 'compound': 0.0}",Back and forth from New York (Sneakin' in your bed)
Make No Sense,YoungBoy Never Broke Again,2019.,gucci,brands,"{'neg': 0.0, 'neu': 0.706, 'pos': 0.294, 'compound': 0.3612}",I feel like I'm Gucci Mane in 2006
Roller,Apache 207,2019.,barbie,brands,"{'neg': 0.302, 'neu': 0.698, 'pos': 0.0, 'compound': -0.5994}","Steig' auf die Speedfight, scheiß auf Kawasaki, let's go, Barbie"
Roller,Apache 207,2019.,kawasaki,locations,"{'neg': 0.302, 'neu': 0.698, 'pos': 0.0, 'compound': -0.5994}","Steig' auf die Speedfight, scheiß auf Kawasaki, let's go, Barbie"
CITY OF ANGELS,24kGoldn,2019.,hennessy,brands,"{'neg': 0.0, 'neu': 0.707, 'pos': 0.293, 'compound': 0.4404}","A little Hennessy, it might be good for me"
white tee,Lil Peep,2019.,gucci,brands,"{'neg': 0.0, 'neu': 1.0, 'pos': 0.0, 'compound': 0.0}","Yayo on the table, Gucci on my waist, too (Yayo)"
My Type,Saweetie,2019.,hennessy,brands,"{'neg': 0.0, 'neu': 1.0, 'pos': 0.0, 'compound': 0.0}","Hennessy on my lips, take a little sip"
My Type,Saweetie,2019.,lamborghini,brands,"{'neg': 0.418, 'neu': 0.33, 'pos': 0.253, 'compound': -0.3612}","Bitch please (Bitch), Lamborghini keys"
Hot,Young Thug,2019.,nike,brands,"{'neg': 0.0, 'neu': 0.762, 'pos': 0.238, 'compound': 0.3612}","I run it like Nike, we got it on lock"
Hot,Young Thug,2019.,cartier,brands,"{'neg': 0.0, 'neu': 0.761, 'pos': 0.239, 'compound': 0.2235}","Cartier jeans, ain't no way I can sag"
Hot,Young Thug,2019.,canada dry,brands,"{'neg': 0.0, 'neu': 1.0, 'pos': 0.0, 'compound': 0.0}",Pour me some syrup in a Canada Dry
Hot,Young Thug,2019.,birkins,brands,"{'neg': 0.0, 'neu': 1.0, 'pos': 0.0, 'compound': 0.0}","Shenenehs and Birkins, she cannot decide"
Hot,Young Thug,2019.,maybach,brands,"{'neg': 0.0, 'neu': 1.0, 'pos': 0.0, 'compound': 0.0}","Bigger Maybach, this ain't regular size"
Hot,Young Thug,2019.,birkin,brands,"{'neg': 0.0, 'neu': 1.0, 'pos': 0.0, 'compound': 0.0}","Addy, Birkin, brand new extendos"
Hot,Young Thug,2019.,sprite,brands,"{'neg': 0.0, 'neu': 0.762, 'pos': 0.238, 'compound': 0.3612}",I just passed her to the dawg like my Sprite
Hot,Young Thug,2019.,bentley,brands,"{'neg': 0.213, 'neu': 0.787, 'pos': 0.0, 'compound': -0.5859}","I put the bitch in the front of the Bentley, in front of the driver (Skrrt)"
Hot,Young Thug,2019.,cayenne,brands,"{'neg': 0.0, 'neu': 1.0, 'pos': 0.0, 'compound': 0.0}","I took the Bentley coupe back, then I hopped in a Cayenne (Skrrt)"
Hot,Young Thug,2019.,rolls royce,brands,"{'neg': 0.0, 'neu': 1.0, 'pos': 0.0, 'compound': 0.0}","Ayy, man, this synthetic weed, you can't smoke in the Rolls Royce, woah, woah (Yeah, yeah)"
Hot,Young Thug,2019.,cartiers,brands,"{'neg': 0.0, 'neu': 1.0, 'pos': 0.0, 'compound': 0.0}","Cartier coat, Cartiers the watch"
Hot,Young Thug,2019.,wrangler,brands,"{'neg': 0.0, 'neu': 1.0, 'pos': 0.0, 'compound': 0.0}",Sky Wrangler coupe with two hundred the dash
Hot,Young Thug,2019.,chanel,brands,"{'neg': 0.0, 'neu': 1.0, 'pos': 0.0, 'compound': 0.0}",I just whip up a new Chanel Patek
Hot,Young Thug,2019.,patek,brands,"{'neg': 0.0, 'neu': 1.0, 'pos': 0.0, 'compound': 0.0}",I just whip up a new Chanel Patek
Salt,Ava Max,2019.,laurent,brands,"{'neg': 0.0, 'neu': 0.667, 'pos': 0.333, 'compound': 0.3612}","Like my snakeskin Saint Laurent, oh-oh"
Indeciso,Reik,2019.,chanel,brands,"{'neg': 0.0, 'neu': 1.0, 'pos': 0.0, 'compound': 0.0}",Chanel tu perfume (Tú siempre estás trending)
Indeciso,Reik,2019.,dolce,brands,"{'neg': 0.0, 'neu': 0.534, 'pos': 0.466, 'compound': 0.656}","Dolce tu gafas, Gabbana, so sexy"
HASTA ABAJO,KEVIN ROLDAN,2019.,medellín,locations,"{'neg': 0.0, 'neu': 1.0, 'pos': 0.0, 'compound': 0.0}","¿Qué hubo, bebé, dónde está'? Acabo de aterrizar en Medellín"
HASTA ABAJO,KEVIN ROLDAN,2019.,milwaukee,locations,"{'neg': 0.0, 'neu': 1.0, 'pos': 0.0, 'compound': 0.0}",El exmarido está encuerna'o como el logo 'e Milwaukee
Isis,Joyner Lucas,2019.,bentley,brands,"{'neg': 0.0, 'neu': 1.0, 'pos': 0.0, 'compound': 0.0}","Now I got the Bentley, and it's blacked out (Woah)"
Isis,Joyner Lucas,2019.,louis vuitton,brands,"{'neg': 0.0, 'neu': 1.0, 'pos': 0.0, 'compound': 0.0}","Don't push me, I'm Louis Vuitton"
Que Tire Pa Lante,Daddy Yankee,2019.,ferrari,brands,"{'neg': 0.0, 'neu': 1.0, 'pos': 0.0, 'compound': 0.0}",Flow Ferrari que rompe la calle
Que Tire Pa Lante,Daddy Yankee,2019.,rome,locations,"{'neg': 0.0, 'neu': 1.0, 'pos': 0.0, 'compound': 0.0}",Urba y Rome
God's Country,Blake Shelton,2019.,georgia,locations,"{'neg': 0.213, 'neu': 0.787, 'pos': 0.0, 'compound': -0.4019}",The Devil went down to Georgia but he didn't stick around
Kemba Walker,Eladio Carrion,2019.,louis vuitton,brands,"{'neg': 0.0, 'neu': 1.0, 'pos': 0.0, 'compound': 0.0}",De la cabeza a pie' filotea'o de Louis Vuitton
Kemba Walker,Eladio Carrion,2019.,lambo,brands,"{'neg': 0.0, 'neu': 1.0, 'pos': 0.0, 'compound': 0.0}",La Lambo y 6 Mercede' que nunca los guío (Ja)
Kemba Walker,Eladio Carrion,2019.,houston,locations,"{'neg': 0.0, 'neu': 1.0, 'pos': 0.0, 'compound': 0.0}",Tracy McGrady pa' cuando jugaba en Houston
Kemba Walker,Eladio Carrion,2019.,hamilton,locations,"{'neg': 0.0, 'neu': 1.0, 'pos': 0.0, 'compound': 0.0}",Pa'l 2004 Ben Wallace con Richard Hamilton (Prr)
Kemba Walker,Eladio Carrion,2019.,connecticut,locations,"{'neg': 0.216, 'neu': 0.784, 'pos': 0.0, 'compound': -0.296}","Ven, róncame en P.R., no en Connecticut (Prr, prr)"
Better Together,Luke Combs,2019.,coke,brands,"{'neg': 0.0, 'neu': 1.0, 'pos': 0.0, 'compound': 0.0}","Coke cans and BB guns, barbed wire and old fence posts"
Juicy,Doja Cat,2019.,coke,brands,"{'neg': 0.0, 'neu': 1.0, 'pos': 0.0, 'compound': 0.0}","Coke bottle body, I got that"
Vossi Bop,Stormzy,2019.,dubai,locations,"{'neg': 0.0, 'neu': 1.0, 'pos': 0.0, 'compound': 0.0}","Chillin' in Dubai, know I get it all inclusive (Word)"
Vossi Bop,Stormzy,2019.,london,locations,"{'neg': 0.0, 'neu': 1.0, 'pos': 0.0, 'compound': 0.0}","Tell 'em ""This is London city, we the hottest in the world"""
Under The Sun,Dreamville,2019.,ford,brands,"{'neg': 0.0, 'neu': 1.0, 'pos': 0.0, 'compound': 0.0}",I'm Beatties Ford ’til the wheels fall
Under The Sun,Dreamville,2019.,glock,brands,"{'neg': 0.355, 'neu': 0.645, 'pos': 0.0, 'compound': -0.5106}","I got a Glock with a dick, let's get physical"
Through Da Storm,Polo G,2019.,gucci,brands,"{'neg': 0.0, 'neu': 1.0, 'pos': 0.0, 'compound': 0.0}",My engine roaring and that Gucci tiger growling
Through Da Storm,Polo G,2019.,cali,locations,"{'neg': 0.0, 'neu': 1.0, 'pos': 0.0, 'compound': 0.0}","Phone on DND, I'm out in Cali whippin' through the mountains"
Hell N Back,Bakar,2019.,mountain dew,brands,"{'neg': 0.119, 'neu': 0.53, 'pos': 0.351, 'compound': 0.5423}","She liked petty crimes, she had green eyes like Mountain Dew"
TOES,DaBaby,2019.,rover,brands,"{'neg': 0.0, 'neu': 1.0, 'pos': 0.0, 'compound': 0.0}","I had the Rover for a year, I don't drive"
TOES,DaBaby,2019.,patek,brands,"{'neg': 0.0, 'neu': 1.0, 'pos': 0.0, 'compound': 0.0}",I bought a Patek for one eighty-five
Debo Entender,Santa Fe Klan,2019.,santa fe,locations,"{'neg': 0.0, 'neu': 1.0, 'pos': 0.0, 'compound': 0.0}","[Coro: Santa Fe Klan, Neto Peña & Yoss Bones]"
London Boy,Taylor Swift,2019.,louis,brands,"{'neg': 0.0, 'neu': 1.0, 'pos': 0.0, 'compound': 0.0}",Doesn't have to be Louis V up on Bond Street
London Boy,Taylor Swift,2019.,london,locations,"{'neg': 0.0, 'neu': 0.543, 'pos': 0.457, 'compound': 0.6369}",You know I love a London boy (Oh)
London Boy,Taylor Swift,2019.,tennessee,locations,"{'neg': 0.0, 'neu': 0.706, 'pos': 0.294, 'compound': 0.3612}",Like a Tennessee Stella McCartney on the Heath
Tia Tamera,Doja Cat,2019.,nokia,brands,"{'neg': 0.0, 'neu': 1.0, 'pos': 0.0, 'compound': 0.0}","He keep callin' my phone, Nokia"
Baguettes in the Face,Mustard,2019.,louis,brands,"{'neg': 0.0, 'neu': 0.86, 'pos': 0.14, 'compound': 0.0772}","Virgil dropped some Louis, I want everything he made (Made)"
Baguettes in the Face,Mustard,2019.,lambo,brands,"{'neg': 0.0, 'neu': 1.0, 'pos': 0.0, 'compound': 0.0}","I'm with Mustard and we talking Lambo' talk (Skrrt, skrrt)"
Baguettes in the Face,Mustard,2019.,phantom,brands,"{'neg': 0.322, 'neu': 0.678, 'pos': 0.0, 'compound': -0.5859}","Huh, me and your bitch up in the Phantom"
Futsal Shuffle 2020,Lil Uzi Vert,2019.,prada,brands,"{'neg': 0.0, 'neu': 1.0, 'pos': 0.0, 'compound': 0.0}",What you got on? Prada sweatsuit made of nylon
La Playa,Myke Towers,2019.,lamborghini,brands,"{'neg': 0.0, 'neu': 1.0, 'pos': 0.0, 'compound': 0.0}",Le puse la' piernas como las puerta' de un Lamborghini (Ey)
La Playa,Myke Towers,2019.,lambo,brands,"{'neg': 0.0, 'neu': 1.0, 'pos': 0.0, 'compound': 0.0}",Le puse las pierna' como las puerta' de un Lambo
La Playa,Myke Towers,2019.,cartier,brands,"{'neg': 0.0, 'neu': 1.0, 'pos': 0.0, 'compound': 0.0}",Espejuelo' Cartier de la misma manera (Jeje)
La Playa,Myke Towers,2019.,orlando,locations,"{'neg': 0.0, 'neu': 1.0, 'pos': 0.0, 'compound': 0.0}","Skrrt, skrrt, el novio se mudó pa' Orlando"
Disfruto Lo Malo,Junior H,2019.,tijuana,locations,"{'neg': 0.0, 'neu': 1.0, 'pos': 0.0, 'compound': 0.0}","De La Perla pa' Tijuana, unas horas y me llaman"
Mírame,Nio Garcia,2019.,cayenne,brands,"{'neg': 0.0, 'neu': 1.0, 'pos': 0.0, 'compound': 0.0}",Y tú quiere' que te busque en la Cayenne
Goteo,Duki,2019.,patek,brands,"{'neg': 0.0, 'neu': 1.0, 'pos': 0.0, 'compound': 0.0}",Quiero un Philippe Patek
Goteo,Duki,2019.,rolex,brands,"{'neg': 0.216, 'neu': 0.784, 'pos': 0.0, 'compound': -0.296}","Rolex, Cartier pa' no ver la hora (Philippe Patek)"
Goteo,Duki,2019.,cartier,brands,"{'neg': 0.216, 'neu': 0.784, 'pos': 0.0, 'compound': -0.296}","Rolex, Cartier pa' no ver la hora (Philippe Patek)"
Goteo,Duki,2019.,gucci,brands,"{'neg': 0.0, 'neu': 1.0, 'pos': 0.0, 'compound': 0.0}",Me puse la' Gucci con un short de Nike
Goteo,Duki,2019.,nike,brands,"{'neg': 0.0, 'neu': 1.0, 'pos': 0.0, 'compound': 0.0}",Me puse la' Gucci con un short de Nike
Goteo,Duki,2019.,madrid,locations,"{'neg': 0.0, 'neu': 1.0, 'pos': 0.0, 'compound': 0.0}","6 a. m., vuelo pa' Madrid"
Contando Lunares,Don Patricio,2019.,coca-cola,brands,"{'neg': 0.0, 'neu': 1.0, 'pos': 0.0, 'compound': 0.0}","Pizza prosciutto, pizza tropicale, pan con ajo, 2'50, Coca-Cola grande"
"Dreams, Fairytales, Fantasies",A$AP Ferg,2019.,lambo,brands,"{'neg': 0.0, 'neu': 1.0, 'pos': 0.0, 'compound': 0.0}",We can drive and hit the city in Lambo
"Dreams, Fairytales, Fantasies",A$AP Ferg,2019.,celine,brands,"{'neg': 0.0, 'neu': 1.0, 'pos': 0.0, 'compound': 0.0}","Shopped 'til we dropped, Celine bags and Burberry"
"Dreams, Fairytales, Fantasies",A$AP Ferg,2019.,burberry,brands,"{'neg': 0.0, 'neu': 1.0, 'pos': 0.0, 'compound': 0.0}","Shopped 'til we dropped, Celine bags and Burberry"
"Dreams, Fairytales, Fantasies",A$AP Ferg,2019.,chanel,brands,"{'neg': 0.0, 'neu': 1.0, 'pos': 0.0, 'compound': 0.0}","Bathin' suits, Chanel boots for dinner time"
"Dreams, Fairytales, Fantasies",A$AP Ferg,2019.,jamaica,locations,"{'neg': 0.489, 'neu': 0.511, 'pos': 0.0, 'compound': -0.7717}","We could fly to Jamaica, fuck all the haters"
Infeliz,Arcángel,2019.,madrid,locations,"{'neg': 0.0, 'neu': 1.0, 'pos': 0.0, 'compound': 0.0}",Por ti voy a Madrid pa' meterte un golazo (¡Auh!)
Te Ire A Buscar,Santa Fe Klan,2019.,santa fe,locations,"{'neg': 0.0, 'neu': 1.0, 'pos': 0.0, 'compound': 0.0}",You might also like[Puente: Santa Fe Klan & Nanpa Básico]
Blanco,J Balvin,2019.,puerto rico,locations,"{'neg': 0.216, 'neu': 0.784, 'pos': 0.0, 'compound': -0.296}","No es de Puerto Rico y me dice ""Mera"" (Mera)"
Blanco,J Balvin,2019.,medellín,locations,"{'neg': 0.0, 'neu': 1.0, 'pos': 0.0, 'compound': 0.0}",Made in Medellín
Clout,Offset,2019.,jeep,brands,"{'neg': 0.0, 'neu': 1.0, 'pos': 0.0, 'compound': 0.0}","Bamboo sticks all in the Jeep (Brr, brr)"
Clout,Offset,2019.,lambo,brands,"{'neg': 0.0, 'neu': 1.0, 'pos': 0.0, 'compound': 0.0}","I bought her the Lambo, she bought me the Wraith (Swappin')"
Clout,Offset,2019.,miami,locations,"{'neg': 0.0, 'neu': 0.808, 'pos': 0.192, 'compound': 0.2263}","Straight out the streets to a penthouse, Miami beach (Yayo)"
Bellaquita (Remix),Dalex,2019.,dolce,brands,"{'neg': 0.0, 'neu': 1.0, 'pos': 0.0, 'compound': 0.0}",Quiero que me quite' este pantycito Dolce (Yah)
Bellaquita (Remix),Dalex,2019.,tommy hilfiger,brands,"{'neg': 0.0, 'neu': 1.0, 'pos': 0.0, 'compound': 0.0}","De su combito ella es la líder, lo' panty Tommy Hilfiger"
Audio,Sia,2019.,hiroshima,locations,"{'neg': 0.0, 'neu': 0.615, 'pos': 0.385, 'compound': 0.3612}",In a beamer bomber like Hiroshima
Audio,Sia,2019.,washingtons,locations,"{'neg': 0.0, 'neu': 1.0, 'pos': 0.0, 'compound': 0.0}","‘Cause we spendin' these Jacksons. The Washingtons go to wifey, you know how that go"
Project Dreams,Marshmello,2019.,patek,brands,"{'neg': 0.0, 'neu': 1.0, 'pos': 0.0, 'compound': 0.0}","Got all this ice on me, baby, told my Patek to chill"
Project Dreams,Marshmello,2019.,phantom,brands,"{'neg': 0.297, 'neu': 0.566, 'pos': 0.137, 'compound': -0.5267}","Been sippin' good shit all day, I'm damn near high as my Phantom (Yeah, yeah)27Embed"
Project Dreams,Marshmello,2019.,louis,brands,"{'neg': 0.262, 'neu': 0.738, 'pos': 0.0, 'compound': -0.5994}","Louis V's on my shoes, fuckin’ all my bitches by the twos"
Project Dreams,Marshmello,2019.,fiji,brands,"{'neg': 0.0, 'neu': 1.0, 'pos': 0.0, 'compound': 0.0}",Fiji on my Rollie make her wanna have some sex for real
Project Dreams,Marshmello,2019.,rollie,brands,"{'neg': 0.0, 'neu': 1.0, 'pos': 0.0, 'compound': 0.0}",Fiji on my Rollie make her wanna have some sex for real
Project Dreams,Marshmello,2019.,atlanta,locations,"{'neg': 0.0, 'neu': 1.0, 'pos': 0.0, 'compound': 0.0}",I wanted to feel the V12 when I was ridin' in Atlanta
Project Dreams,Marshmello,2019.,fiji,locations,"{'neg': 0.0, 'neu': 1.0, 'pos': 0.0, 'compound': 0.0}",Fiji on my Rollie make her wanna have some sex for real
Bad Bad Bad,Young Thug,2019.,chanel,brands,"{'neg': 0.718, 'neu': 0.282, 'pos': 0.0, 'compound': -0.9136}","Double C, no Chanel, 'cause she bad, bad, bad"
Bad Bad Bad,Young Thug,2019.,rari,brands,"{'neg': 0.0, 'neu': 1.0, 'pos': 0.0, 'compound': 0.0}","Ridin' Kawasaki, and I could cop you a new 'Rari"
Bad Bad Bad,Young Thug,2019.,ghini,brands,"{'neg': 0.0, 'neu': 1.0, 'pos': 0.0, 'compound': 0.0}","I just took the doors off the 'Ghini, now I'm ridin'"
Bad Bad Bad,Young Thug,2019.,patek,brands,"{'neg': 0.273, 'neu': 0.455, 'pos': 0.273, 'compound': 0.0}","Rich nigga shit, I bought my thottie a new Patek"
Bad Bad Bad,Young Thug,2019.,xanny,brands,"{'neg': 0.412, 'neu': 0.588, 'pos': 0.0, 'compound': -0.5423}","Got a billion dollar corporation, fuck a Xanny"
Bad Bad Bad,Young Thug,2019.,diors,brands,"{'neg': 0.0, 'neu': 1.0, 'pos': 0.0, 'compound': 0.0}","Different color Diors on my feet, I couldn't decide which"
Bad Bad Bad,Young Thug,2019.,double r,brands,"{'neg': 0.375, 'neu': 0.625, 'pos': 0.0, 'compound': -0.5574}","Double R truck, come through, shit on everybody"
Bad Bad Bad,Young Thug,2019.,jeep,brands,"{'neg': 0.259, 'neu': 0.741, 'pos': 0.0, 'compound': -0.5423}","Take the four doors off of the Jeep (Bad, bad, bad)"
Bad Bad Bad,Young Thug,2019.,kawasaki,locations,"{'neg': 0.0, 'neu': 1.0, 'pos': 0.0, 'compound': 0.0}","Ridin' Kawasaki, and I could cop you a new 'Rari"
"Crazy Story, Pt. 3",King Von,2019.,glocks,brands,"{'neg': 0.0, 'neu': 1.0, 'pos': 0.0, 'compound': 0.0}",And we got Glocks
"Crazy Story, Pt. 3",King Von,2019.,glock,brands,"{'neg': 0.192, 'neu': 0.808, 'pos': 0.0, 'compound': -0.2263}","I'm hittin' some blocks, just me and my Glock"
"Crazy Story, Pt. 3",King Von,2019.,porsche,brands,"{'neg': 0.0, 'neu': 1.0, 'pos': 0.0, 'compound': 0.0}",There go that Porsche
Phone Numbers,Dominic Fike,2019.,tiffany,brands,"{'neg': 0.0, 'neu': 1.0, 'pos': 0.0, 'compound': 0.0}",They from Tiffany (Please)
Phone Numbers,Dominic Fike,2019.,florida,locations,"{'neg': 0.0, 'neu': 0.722, 'pos': 0.278, 'compound': 0.4019}","Yes, I moved my shawty from Florida to Hollywood"
Phone Numbers,Dominic Fike,2019.,la,locations,"{'neg': 0.325, 'neu': 0.675, 'pos': 0.0, 'compound': -0.6486}","Out here in LA, tryna make shit shake, tryna wrap this case (Ho)"
GOODMORNINGTOKYO!,TOKYO’S REVENGE,2019.,google,brands,"{'neg': 0.292, 'neu': 0.708, 'pos': 0.0, 'compound': -0.5106}","You can download my dick off Google Drive, uh"
GOODMORNINGTOKYO!,TOKYO’S REVENGE,2019.,tokyo,locations,"{'neg': 0.0, 'neu': 0.58, 'pos': 0.42, 'compound': 0.7003}","Good morning, my name is Tokyo (Good morning, good morning)"
GOODMORNINGTOKYO!,TOKYO’S REVENGE,2019.,kyotos,locations,"{'neg': 0.274, 'neu': 0.726, 'pos': 0.0, 'compound': -0.5267}","Ladies, hit my line, Kyoto's revenge on Instagram and Twitter"
Wrong,Luh Kel,2019.,rollie,brands,"{'neg': 0.0, 'neu': 0.828, 'pos': 0.172, 'compound': 0.3612}","Girl, you was down and you told me you roll like my Rollie"
Candy,mgk,2019.,xanny,brands,"{'neg': 0.287, 'neu': 0.328, 'pos': 0.385, 'compound': 0.0516}","Make a fuck nigga sleep like a Xanny, yeah"
Escápate Conmigo,Wolfine,2019.,apple,brands,"{'neg': 0.0, 'neu': 1.0, 'pos': 0.0, 'compound': 0.0}","Big Apple, la empresaEmbed"
Leaked,Lil Tjay,2019.,gucci,brands,"{'neg': 0.0, 'neu': 1.0, 'pos': 0.0, 'compound': 0.0}","Everything is going Gucci, see me Lou V"
Leaked,Lil Tjay,2019.,lou v,brands,"{'neg': 0.0, 'neu': 1.0, 'pos': 0.0, 'compound': 0.0}","Everything is going Gucci, see me Lou V"
Leaked,Lil Tjay,2019.,sony,brands,"{'neg': 0.0, 'neu': 1.0, 'pos': 0.0, 'compound': 0.0}",Never thought that this year I'd have a deal with Sony
Leaked,Lil Tjay,2019.,birkin,brands,"{'neg': 0.0, 'neu': 1.0, 'pos': 0.0, 'compound': 0.0}","I got up out my Birkin, it's workin'"
Leaked,Lil Tjay,2019.,cali,locations,"{'neg': 0.0, 'neu': 0.779, 'pos': 0.221, 'compound': 0.4278}",Me and YG up in Cali smoking GT out the bong
Hot Girl Summer,Megan Thee Stallion,2019.,barbie,brands,"{'neg': 0.0, 'neu': 1.0, 'pos': 0.0, 'compound': 0.0}",Hot Barbie summer
Velitas,Darell,2019.,gucci,brands,"{'neg': 0.0, 'neu': 1.0, 'pos': 0.0, 'compound': 0.0}","Gucci, ¿qué e' lo que tú quiere', cuchi-cuchi"
Velitas,Darell,2019.,balenciaga,brands,"{'neg': 0.0, 'neu': 1.0, 'pos': 0.0, 'compound': 0.0}","Porque cuando Balenciaga está caliente, busca a su Christian Dior"
Velitas,Darell,2019.,dior,brands,"{'neg': 0.0, 'neu': 1.0, 'pos': 0.0, 'compound': 0.0}","Porque cuando Balenciaga está caliente, busca a su Christian Dior"
Welcome To The Party,Pop Smoke,2019.,molly,brands,"{'neg': 0.0, 'neu': 1.0, 'pos': 0.0, 'compound': 0.0}","I'm off the Molly, the Xan, the lean"
Welcome To The Party,Pop Smoke,2019.,rari,brands,"{'neg': 0.0, 'neu': 1.0, 'pos': 0.0, 'compound': 0.0}",I hit the boy up and then I go skate in a 'Rari
Welcome To The Party,Pop Smoke,2019.,henny,brands,"{'neg': 0.0, 'neu': 1.0, 'pos': 0.0, 'compound': 0.0}",Don't let that Henny in my system (Nah)
Welcome To The Party,Pop Smoke,2019.,manhattan,locations,"{'neg': 0.0, 'neu': 1.0, 'pos': 0.0, 'compound': 0.0}","Got a 10 pack in my jeans, I'm in Manhattan in these stores, uh"
Knock Knock,SoFaygo,2019.,tesla,brands,"{'neg': 0.0, 'neu': 1.0, 'pos': 0.0, 'compound': 0.0}",I'm tryna rack up and skrrt in a Tesla (Uh-huh)
Cash Shit,Megan Thee Stallion,2019.,louis,brands,"{'neg': 0.169, 'neu': 0.831, 'pos': 0.0, 'compound': -0.0572}",I can't decide if I want the new Louis
Cash Shit,Megan Thee Stallion,2019.,gucci,brands,"{'neg': 0.0, 'neu': 1.0, 'pos': 0.0, 'compound': 0.0}","Dapper Dan yellow, I'm always in Gucci"
Immortal,21 Savage,2019.,glock,brands,"{'neg': 0.0, 'neu': 0.826, 'pos': 0.174, 'compound': 0.2263}","Glock 19 in the Blue Flame (Straight up, straight up)"
Splashin,Rich The Kid,2019.,gucci,brands,"{'neg': 0.0, 'neu': 1.0, 'pos': 0.0, 'compound': 0.0}","Gucci, spent a hunnid on some new socks (New socks)"
Splashin,Rich The Kid,2019.,dolce,brands,"{'neg': 0.286, 'neu': 0.714, 'pos': 0.0, 'compound': -0.34}",Dolce and Gabbana on my flip flops
Splashin,Rich The Kid,2019.,fendi,brands,"{'neg': 0.0, 'neu': 1.0, 'pos': 0.0, 'compound': 0.0}","Fendi, am I drippin' or I'm splashin' (Or splashin')"
Splashin,Rich The Kid,2019.,off-white,brands,"{'neg': 0.0, 'neu': 1.0, 'pos': 0.0, 'compound': 0.0}","Off-White with the Gucci, I might mitch match (I might mitch match)"
Splashin,Rich The Kid,2019.,benz,brands,"{'neg': 0.0, 'neu': 1.0, 'pos': 0.0, 'compound': 0.0}","How I made it from the hood to a Benz truck? (Skrrt, skrrt)"
La vie qu'on mène,Ninho,2019.,seychelles,locations,"{'neg': 0.0, 'neu': 1.0, 'pos': 0.0, 'compound': 0.0}","Minuit, pété sous champ', demain, j's'rai aux Seychelles"
Porno,Rich Music LTD,2019.,moschino,brands,"{'neg': 0.0, 'neu': 1.0, 'pos': 0.0, 'compound': 0.0}",Me dijo al oído y se quitó el panty Moschino
Antisocial,Ed Sheeran,2019.,hennessys,brands,"{'neg': 0.0, 'neu': 1.0, 'pos': 0.0, 'compound': 0.0}",Hennessy's drownin' all of my issues (Drown)
Look What God Gave Her,Thomas Rhett,2019.,corona,brands,"{'neg': 0.27, 'neu': 0.449, 'pos': 0.281, 'compound': 0.0258}",She got me drunk like Corona
Come Thru,Summer Walker,2019.,london,locations,"{'neg': 0.0, 'neu': 1.0, 'pos': 0.0, 'compound': 0.0}",We got London on da Track
Cyber Sex,Doja Cat,2019.,samsung,brands,"{'neg': 0.0, 'neu': 0.737, 'pos': 0.263, 'compound': 0.3612}",Make it pop in your face like a Samsung
Ladbroke Grove,AJ Tracey,2019.,rover,brands,"{'neg': 0.266, 'neu': 0.734, 'pos': 0.0, 'compound': -0.4404}",I'm just a block boy sitting in a Rover (I swear)
El Doctor,Grupo Marca Registrada,2019.,glock,brands,"{'neg': 0.0, 'neu': 1.0, 'pos': 0.0, 'compound': 0.0}",Una Glock 19 para defensa
El Doctor,Grupo Marca Registrada,2019.,san diego,locations,"{'neg': 0.0, 'neu': 1.0, 'pos': 0.0, 'compound': 0.0}",Por aquí en San Diego
El Doctor,Grupo Marca Registrada,2019.,tijuana,locations,"{'neg': 0.0, 'neu': 1.0, 'pos': 0.0, 'compound': 0.0}",Hasta Tijuana
El Doctor,Grupo Marca Registrada,2019.,chula vista,locations,"{'neg': 0.0, 'neu': 1.0, 'pos': 0.0, 'compound': 0.0}",En Cherokee me paseo por Chula Vista
El Doctor,Grupo Marca Registrada,2019.,san isidro,locations,"{'neg': 0.0, 'neu': 1.0, 'pos': 0.0, 'compound': 0.0}",Y también me la roló por San Isidro
False God,Taylor Swift,2019.,new york,locations,"{'neg': 0.0, 'neu': 1.0, 'pos': 0.0, 'compound': 0.0}",I'm New York City
El de La Codeina,Natanael Cano,2019.,diesel,brands,"{'neg': 0.0, 'neu': 1.0, 'pos': 0.0, 'compound': 0.0}",Aquí me despido forjando unos Sour Diesel pa' ponerme al tiro
Who Needs Love,Trippie Redd,2019.,patek,brands,"{'neg': 0.0, 'neu': 1.0, 'pos': 0.0, 'compound': 0.0}","Spent a hundred on a ring and a Patek wrist (On a Patek wrist, yeah)"
Remember The Name,Ed Sheeran,2019.,fendi,brands,"{'neg': 0.0, 'neu': 1.0, 'pos': 0.0, 'compound': 0.0}","You can find me in my whip, rockin' my Fendi drip"
Remember The Name,Ed Sheeran,2019.,balenciaga,brands,"{'neg': 0.0, 'neu': 1.0, 'pos': 0.0, 'compound': 0.0}","Balenciaga saga, I'm in Bergdorf ballin'"
Remember The Name,Ed Sheeran,2019.,tokyo,locations,"{'neg': 0.0, 'neu': 0.706, 'pos': 0.294, 'compound': 0.3612}","I like my shows open-air, Tokyo to Delaware"
Remember The Name,Ed Sheeran,2019.,delaware,locations,"{'neg': 0.0, 'neu': 0.706, 'pos': 0.294, 'compound': 0.3612}","I like my shows open-air, Tokyo to Delaware"
Oye Pablo,Danna Paola,2019.,madrid,locations,"{'neg': 0.0, 'neu': 1.0, 'pos': 0.0, 'compound': 0.0}","De México a Madrid, lo hacemos en París"
Moulaga,Heuss L'enfoiré,2019.,rolex,brands,"{'neg': 0.0, 'neu': 1.0, 'pos': 0.0, 'compound': 0.0}","BG sur T-Max (En esprit), le rétro gauche nique ma Rolex (En esprit)"
105 F Remix,KEVVO,2019.,nike,brands,"{'neg': 0.0, 'neu': 1.0, 'pos': 0.0, 'compound': 0.0}",En lo' 90 con los corto' y las Nike' (¡Pu-pum!)
105 F Remix,KEVVO,2019.,phantom,brands,"{'neg': 0.0, 'neu': 1.0, 'pos': 0.0, 'compound': 0.0}","Indica, que te busco adentro 'el Phantom (Yeah)"
105 F Remix,KEVVO,2019.,louis vuitton,brands,"{'neg': 0.167, 'neu': 0.833, 'pos': 0.0, 'compound': -0.296}",No me cabe una paca má' en la Louis Vuitton en cuero
105 F Remix,KEVVO,2019.,pepsi,brands,"{'neg': 0.145, 'neu': 0.855, 'pos': 0.0, 'compound': -0.296}","Nalgona, no falla en la dieta y tiene má' curva' que el logo de Pepsi"
105 F Remix,KEVVO,2019.,austin,locations,"{'neg': 0.0, 'neu': 1.0, 'pos': 0.0, 'compound': 0.0}","Siempre origi, como El Conejo y Austin Santo' (Wow)"
105 F Remix,KEVVO,2019.,vegas,locations,"{'neg': 0.0, 'neu': 1.0, 'pos': 0.0, 'compound': 0.0}",Vamo' pa' las Vegas a bellaquear en el Venetian (Jaja)
105 F Remix,KEVVO,2019.,la,locations,"{'neg': 0.216, 'neu': 0.784, 'pos': 0.0, 'compound': -0.296}","La melaza no es de LA, es de aquí"
When I R.I.P.,Labrinth,2019.,indiana,locations,"{'neg': 0.0, 'neu': 1.0, 'pos': 0.0, 'compound': 0.0}",'Cause I'm Indiana J when I'm trippin' on the juice (Now let's get real quiet)
Kingston,Faye Webster,2019.,kingston,locations,"{'neg': 0.0, 'neu': 1.0, 'pos': 0.0, 'compound': 0.0}",I don't know that much about Kingston
Tap,NAV,2019.,glock,brands,"{'neg': 0.0, 'neu': 0.761, 'pos': 0.239, 'compound': 0.296}","Glock 40, he got smokey, yeah, the Draco"
Tap,NAV,2019.,uber,brands,"{'neg': 0.0, 'neu': 1.0, 'pos': 0.0, 'compound': 0.0}","A-hole, Uber on the way, ho"
Tap,NAV,2019.,maybach,brands,"{'neg': 0.0, 'neu': 1.0, 'pos': 0.0, 'compound': 0.0}",And the first time that I seen a Maybach was with cuz (Cuz)
Tap,NAV,2019.,london,locations,"{'neg': 0.0, 'neu': 1.0, 'pos': 0.0, 'compound': 0.0}","(I'm in London, got my beat from London)"
Boys,Lizzo,2019.,mississippi,locations,"{'neg': 0.0, 'neu': 1.0, 'pos': 0.0, 'compound': 0.0}","Mississippi boys, inner city boys"
La La Land,Bryce Vine,2019.,california,locations,"{'neg': 0.286, 'neu': 0.714, 'pos': 0.0, 'compound': -0.4215}","Baby, waste your time with me in California"
La La Land,Bryce Vine,2019.,cali,locations,"{'neg': 0.278, 'neu': 0.722, 'pos': 0.0, 'compound': -0.4019}","Wasting time in Cali, ain't really wastin' time"
"1, 2 Many",Luke Combs,2019.,millers,brands,"{'neg': 0.277, 'neu': 0.723, 'pos': 0.0, 'compound': -0.3182}",After five diet Millers I was feelin' loose
Start Wit Me,Roddy Ricch,2019.,givenchy,brands,"{'neg': 0.0, 'neu': 1.0, 'pos': 0.0, 'compound': 0.0}","Drippin', my sweatsuit Givenchy"
Start Wit Me,Roddy Ricch,2019.,barbie,brands,"{'neg': 0.549, 'neu': 0.451, 'pos': 0.0, 'compound': -0.8074}","Got a bad bitch with me, she a Barbie, huh"
Start Wit Me,Roddy Ricch,2019.,cartier,brands,"{'neg': 0.0, 'neu': 1.0, 'pos': 0.0, 'compound': 0.0}","Spend Larry Bird, thirty-three on Cartier"
Start Wit Me,Roddy Ricch,2019.,barneys,brands,"{'neg': 0.294, 'neu': 0.42, 'pos': 0.286, 'compound': -0.0258}","Fuck it, I'm buying out Barney's, yay"
Start Wit Me,Roddy Ricch,2019.,bentley,brands,"{'neg': 0.0, 'neu': 1.0, 'pos': 0.0, 'compound': 0.0}",Got the Bentley coupe in China white
Start Wit Me,Roddy Ricch,2019.,glock,brands,"{'neg': 0.231, 'neu': 0.769, 'pos': 0.0, 'compound': -0.34}","Niggas pull up with Glock, AK's and TEC's (Uh-huh)"
Start Wit Me,Roddy Ricch,2019.,arizona,brands,"{'neg': 0.0, 'neu': 0.545, 'pos': 0.455, 'compound': 0.3612}",Hot girl like Arizona
Start Wit Me,Roddy Ricch,2019.,china,locations,"{'neg': 0.0, 'neu': 1.0, 'pos': 0.0, 'compound': 0.0}",Got the Bentley coupe in China white
Start Wit Me,Roddy Ricch,2019.,arizona,locations,"{'neg': 0.0, 'neu': 0.545, 'pos': 0.455, 'compound': 0.3612}",Hot girl like Arizona
Start Wit Me,Roddy Ricch,2019.,colombia,locations,"{'neg': 0.0, 'neu': 1.0, 'pos': 0.0, 'compound': 0.0}","Plug in Colombia, my diamonds in Africa"
Start Wit Me,Roddy Ricch,2019.,africa,locations,"{'neg': 0.0, 'neu': 1.0, 'pos': 0.0, 'compound': 0.0}","Plug in Colombia, my diamonds in Africa"
Kenny G,Matuê,2019.,hennessy,brands,"{'neg': 0.0, 'neu': 1.0, 'pos': 0.0, 'compound': 0.0}","Foda-se, eu odeio Hennessy"
Colors,Black Pumas,2019.,pumas,brands,"{'neg': 0.11, 'neu': 0.89, 'pos': 0.0, 'compound': -0.2732}",See Black Pumas LiveGet tickets as low as $40You might also like[Chorus: Eric Burton with The Soul Supporters]
A Gente Fez Amor,Gusttavo Lima,2019.,lima,locations,"{'neg': 0.16, 'neu': 0.84, 'pos': 0.0, 'compound': -0.2732}",See Gusttavo Lima LiveGet tickets as low as $27You might also like[Pós-Refrão]
Goin Baby,DaBaby,2019.,la,locations,"{'neg': 0.0, 'neu': 0.737, 'pos': 0.263, 'compound': 0.3612}",Now I'm out in LA like a motherfuckin' Laker
Bola Rebola,Tropkillaz,2019.,ferrari,brands,"{'neg': 0.0, 'neu': 1.0, 'pos': 0.0, 'compound': 0.0}","Ferrari, juguete' que vuelan (Ey)"
Take Me Back to London,Ed Sheeran,2019.,london,locations,"{'neg': 0.0, 'neu': 1.0, 'pos': 0.0, 'compound': 0.0}",So take me back to London
Take Me Back to London,Ed Sheeran,2019.,rome,locations,"{'neg': 0.0, 'neu': 1.0, 'pos': 0.0, 'compound': 0.0}","Sweat brow drippin' down, when in Rome (When in Rome)"
Vida Ventajosa,Los Dos Carnales,2019.,ralph lauren,brands,"{'neg': 0.0, 'neu': 1.0, 'pos': 0.0, 'compound': 0.0}","Coloqué en Ralph Lauren, [?]"
Vida Ventajosa,Los Dos Carnales,2019.,glock,brands,"{'neg': 0.0, 'neu': 1.0, 'pos': 0.0, 'compound': 0.0}",Creo en las balas y en la Glock
Vida Ventajosa,Los Dos Carnales,2019.,nike,brands,"{'neg': 0.0, 'neu': 1.0, 'pos': 0.0, 'compound': 0.0}",Sólo volteo para abajo si quiero mirarme los Nike Cortez
A Dónde Vamos,Morat,2019.,madrid,locations,"{'neg': 0.0, 'neu': 1.0, 'pos': 0.0, 'compound': 0.0}",Como tus labios en Madrid
Fuck it I love you,Lana Del Rey,2019.,california,locations,"{'neg': 0.0, 'neu': 1.0, 'pos': 0.0, 'compound': 0.0}","California dreamin', got my money on my mind"
Fuck it I love you,Lana Del Rey,2019.,californias,locations,"{'neg': 0.0, 'neu': 1.0, 'pos': 0.0, 'compound': 0.0}",It turns out California's more than just a state of mind
Oye,TINI,2019.,tantas,locations,"{'neg': 0.0, 'neu': 1.0, 'pos': 0.0, 'compound': 0.0}","Tantas ganas de volver, tantas ganas de llorar"
Tijolão,Jorge & Mateus,2019.,nokia,brands,"{'neg': 0.0, 'neu': 1.0, 'pos': 0.0, 'compound': 0.0}",Eu vou trocar meu celular pra um Nokia tijolão
Qué Pena,Maluma,2019.,colombia,locations,"{'neg': 0.0, 'neu': 1.0, 'pos': 0.0, 'compound': 0.0}","De Medellín, Colombia, parceros"
Qué Pena,Maluma,2019.,medellín,locations,"{'neg': 0.0, 'neu': 1.0, 'pos': 0.0, 'compound': 0.0}","De Medellín, Colombia, parceros"
Fuck The World (Summer in London),Brent Faiyaz,2019.,london,locations,"{'neg': 0.0, 'neu': 1.0, 'pos': 0.0, 'compound': 0.0}",Took a trip to London just to hear how they talk
I'm Gonna Be,Post Malone,2019.,tom ford,brands,"{'neg': 0.0, 'neu': 0.874, 'pos': 0.126, 'compound': 0.0772}","I do what I want, Tom Ford on the yacht, ooh (Wow)"
I'm Gonna Be,Post Malone,2019.,richard mille,brands,"{'neg': 0.0, 'neu': 1.0, 'pos': 0.0, 'compound': 0.0}","Richard Mille my watch, thousand dollar Crocs, ooh (Ooh)"
I'm Gonna Be,Post Malone,2019.,crocs,brands,"{'neg': 0.0, 'neu': 1.0, 'pos': 0.0, 'compound': 0.0}","Richard Mille my watch, thousand dollar Crocs, ooh (Ooh)"
Canyon Moon,Harry Styles,2019.,paris,locations,"{'neg': 0.0, 'neu': 0.824, 'pos': 0.176, 'compound': 0.128}","Carry the feeling, through Paris, all through Rome"
Canyon Moon,Harry Styles,2019.,rome,locations,"{'neg': 0.0, 'neu': 0.824, 'pos': 0.176, 'compound': 0.128}","Carry the feeling, through Paris, all through Rome"
CYANIDE,Daniel Caesar,2019.,dc,locations,"{'neg': 0.0, 'neu': 0.777, 'pos': 0.223, 'compound': 0.3182}","Inside fi dem call DC is a d gyal dem, please"
CYANIDE,Daniel Caesar,2019.,paris,locations,"{'neg': 0.296, 'neu': 0.704, 'pos': 0.0, 'compound': -0.2732}","Cop a flight to Paris, low key"
Baby Sitter,DaBaby,2019.,patek,brands,"{'neg': 0.0, 'neu': 0.902, 'pos': 0.098, 'compound': 0.0772}","Say that she want a Patek with her name up on it (Patek, Patek)"
Baby Sitter,DaBaby,2019.,gucci,brands,"{'neg': 0.0, 'neu': 1.0, 'pos': 0.0, 'compound': 0.0}","I'm drippin', not slippin', my socks got Gucci Gang up on 'em (Drippin', I'm drippin')"
Baby Sitter,DaBaby,2019.,lambo,brands,"{'neg': 0.0, 'neu': 0.8, 'pos': 0.2, 'compound': 0.3612}","Look like a sequence, Lambo' keep back to back crawlin' in (Skrrt)"
Finer Things,Polo G,2019.,gucci,brands,"{'neg': 0.407, 'neu': 0.593, 'pos': 0.0, 'compound': -0.6697}","Drip so hard, I'm makin' puddles, bitch, my Gucci splashin'"
Au DD,PNL,2019.,gucci,brands,"{'neg': 0.0, 'neu': 1.0, 'pos': 0.0, 'compound': 0.0}","La rue, j'la dévale à toute allure avec du Gucci comme Mitch"
Hola Señorita,GIMS,2019.,l.a.,locations,"{'neg': 0.0, 'neu': 1.0, 'pos': 0.0, 'compound': 0.0}","De L.A. hasta Francia (Wuh), baby qué elegancia"
Costa Rica,Dreamville,2019.,fendi,brands,"{'neg': 0.0, 'neu': 1.0, 'pos': 0.0, 'compound': 0.0}",Fendi snowpants and I fill 'em up with racks
Costa Rica,Dreamville,2019.,costa rica,locations,"{'neg': 0.0, 'neu': 1.0, 'pos': 0.0, 'compound': 0.0}","I got fans in Costa Rica (Big fans), I got bands in Costa Rica115Embed"
Lovin' On You,Luke Combs,2019.,marlboro,brands,"{'neg': 0.0, 'neu': 1.0, 'pos': 0.0, 'compound': 0.0}",The way a Marlboro hits me
Lovin' On You,Luke Combs,2019.,miller,brands,"{'neg': 0.0, 'neu': 1.0, 'pos': 0.0, 'compound': 0.0}",Miller Lite before noon
Lovin' On You,Luke Combs,2019.,ford,brands,"{'neg': 0.0, 'neu': 0.545, 'pos': 0.455, 'compound': 0.3612}",I like a two-door old Ford
Earth,Lil Dicky,2019.,india,locations,"{'neg': 0.0, 'neu': 0.417, 'pos': 0.583, 'compound': 0.6369}","We love you, India"
Earth,Lil Dicky,2019.,africa,locations,"{'neg': 0.0, 'neu': 0.417, 'pos': 0.583, 'compound': 0.6369}","We love you, Africa"
Earth,Lil Dicky,2019.,germany,locations,"{'neg': 0.0, 'neu': 0.588, 'pos': 0.412, 'compound': 0.2732}","We forgive you, Germany"
Earth,Lil Dicky,2019.,russia,locations,"{'neg': 0.0, 'neu': 0.566, 'pos': 0.434, 'compound': 0.3182}","Hey, Russia, we're cool"
Earth,Lil Dicky,2019.,asia,locations,"{'neg': 0.0, 'neu': 1.0, 'pos': 0.0, 'compound': 0.0}","Hey, Asia, all of you, c'mon"
Hold On,Lil Tjay,2019.,henny,brands,"{'neg': 0.0, 'neu': 1.0, 'pos': 0.0, 'compound': 0.0}",In the telly sippin' Henny and I got my robe on
Hold On,Lil Tjay,2019.,porsche,brands,"{'neg': 0.0, 'neu': 1.0, 'pos': 0.0, 'compound': 0.0}","Little more than one eighty, the Porsche do"
RNP,Cordae,2019.,chanel,brands,"{'neg': 0.0, 'neu': 1.0, 'pos': 0.0, 'compound': 0.0}","Nigga, that's Chanel cologne"
RNP,Cordae,2019.,listerine,brands,"{'neg': 0.0, 'neu': 0.706, 'pos': 0.294, 'compound': 0.3612}",My drip frosty like Halls and Listerine
RNP,Cordae,2019.,ferraris,brands,"{'neg': 0.0, 'neu': 0.748, 'pos': 0.252, 'compound': 0.4019}","We party in South Beach, Ferraris and blue cheese"
RNP,Cordae,2019.,europe,locations,"{'neg': 0.196, 'neu': 0.804, 'pos': 0.0, 'compound': -0.296}",I'm in Europe with the tourists with no cellular phone
Behind Barz,Drake,2019.,versace,brands,"{'neg': 0.0, 'neu': 1.0, 'pos': 0.0, 'compound': 0.0}",Versace hotel and I'm takin' the robes
Behind Barz,Drake,2019.,milan,locations,"{'neg': 0.0, 'neu': 1.0, 'pos': 0.0, 'compound': 0.0}",Or goin' to Milan or goin' to the Met
Don't Rush,Young T & Bugsey,2019.,diesel,brands,"{'neg': 0.0, 'neu': 1.0, 'pos': 0.0, 'compound': 0.0}","Baby this a Moncler sweater, Diesel denim"
Don't Rush,Young T & Bugsey,2019.,benz,brands,"{'neg': 0.0, 'neu': 1.0, 'pos': 0.0, 'compound': 0.0}","Big Benz, I drive, I brought that ting"
Don't Rush,Young T & Bugsey,2019.,nikes,brands,"{'neg': 0.0, 'neu': 1.0, 'pos': 0.0, 'compound': 0.0}",New racks with the old Nikes in the shoe box
Don't Rush,Young T & Bugsey,2019.,gucci,brands,"{'neg': 0.0, 'neu': 1.0, 'pos': 0.0, 'compound': 0.0}","Gucci my mum, while you diddle your thumbs"
Hot Shower,Chance the Rapper,2019.,louis,brands,"{'neg': 0.0, 'neu': 0.784, 'pos': 0.216, 'compound': 0.296}","Yeah, hopped off the flight, Louis V, Off-White (Ooh)"
Hot Shower,Chance the Rapper,2019.,off-white,brands,"{'neg': 0.0, 'neu': 0.784, 'pos': 0.216, 'compound': 0.296}","Yeah, hopped off the flight, Louis V, Off-White (Ooh)"
Hot Shower,Chance the Rapper,2019.,dior,brands,"{'neg': 0.0, 'neu': 0.762, 'pos': 0.238, 'compound': 0.3597}","Heard they need more, yeah, my jeans Dior (Ooh)"
Hot Shower,Chance the Rapper,2019.,sprite,brands,"{'neg': 0.0, 'neu': 1.0, 'pos': 0.0, 'compound': 0.0}","Get me right, sippin' Sprite (Skrrt, skrrt)"
Hot Shower,Chance the Rapper,2019.,glock,brands,"{'neg': 0.0, 'neu': 1.0, 'pos': 0.0, 'compound': 0.0}","Strapped with the Glock, Danny Gloverin'"
Hot Shower,Chance the Rapper,2019.,america,locations,"{'neg': 0.0, 'neu': 1.0, 'pos': 0.0, 'compound': 0.0}","I don't know, I mean it's America, right?"
Bellacoso,Residente,2019.,nokia,brands,"{'neg': 0.216, 'neu': 0.784, 'pos': 0.0, 'compound': -0.296}","Parece un Nokia en el perreo, no se agota"
Bellacoso,Residente,2019.,trujillo,locations,"{'neg': 0.0, 'neu': 1.0, 'pos': 0.0, 'compound': 0.0}","Abriéndoles la raja, Trujillo Alto y Vega Baja"
Bellaquita,Dalex,2019.,dolce,brands,"{'neg': 0.0, 'neu': 1.0, 'pos': 0.0, 'compound': 0.0}",Yo quiero quitarte ese panticito Dolce
Phases,PRETTYMUCH,2019.,austin,locations,"{'neg': 0.0, 'neu': 1.0, 'pos': 0.0, 'compound': 0.0}","[Post-Chorus: Austin, (Edwin) & Brandon]"
6locc 6a6y,Lil Loaded,2019.,glock,brands,"{'neg': 0.0, 'neu': 0.8, 'pos': 0.2, 'compound': 0.3612}",Got a new Glock to go with my new 'fit (New 'fit)
6locc 6a6y,Lil Loaded,2019.,nikes,brands,"{'neg': 0.0, 'neu': 1.0, 'pos': 0.0, 'compound': 0.0}","Brand new 'fit, got a Glock with the G Nikes (Skrrt)"
6locc 6a6y,Lil Loaded,2019.,levis,brands,"{'neg': 0.0, 'neu': 0.753, 'pos': 0.247, 'compound': 0.3182}",Fresh white tee with a creased pair of Levis
Peach,Kevin Abstract,2019.,atlanta,locations,"{'neg': 0.0, 'neu': 1.0, 'pos': 0.0, 'compound': 0.0}","Atlanta, we was kids, baby"
Big Gangsta,Kevin Gates,2019.,honda,brands,"{'neg': 0.0, 'neu': 0.915, 'pos': 0.085, 'compound': 0.0772}","I got what you want, I deliver the fungus up under the trunk of the Honda Civic"
Big Gangsta,Kevin Gates,2019.,paris,locations,"{'neg': 0.0, 'neu': 0.667, 'pos': 0.333, 'compound': 0.3612}",I got 'em looking like Paris Hilton
La La Lost You,NIKI,2019.,manhattans,locations,"{'neg': 0.0, 'neu': 0.787, 'pos': 0.213, 'compound': 0.2263}","I mean, Manhattan's nice, but so are Malibu nights"
La La Lost You,NIKI,2019.,malibu,locations,"{'neg': 0.0, 'neu': 0.787, 'pos': 0.213, 'compound': 0.2263}","I mean, Manhattan's nice, but so are Malibu nights"
La La Lost You,NIKI,2019.,brooklyns,locations,"{'neg': 0.0, 'neu': 1.0, 'pos': 0.0, 'compound': 0.0}",And fuckin' on Brooklyns in Brooklyn
La La Lost You,NIKI,2019.,brooklyn,locations,"{'neg': 0.0, 'neu': 1.0, 'pos': 0.0, 'compound': 0.0}",And fuckin' on Brooklyns in Brooklyn
La La Lost You,NIKI,2019.,new york,locations,"{'neg': 0.0, 'neu': 0.58, 'pos': 0.42, 'compound': 0.4404}",Hope New York holds you
Asmalibrasi,Soegi Bornean,2019.,asmara,locations,"{'neg': 0.0, 'neu': 1.0, 'pos': 0.0, 'compound': 0.0}",Asmara telah terkalibrasi
Babushka Boi,A$AP Rocky,2019.,bentleys,brands,"{'neg': 0.0, 'neu': 1.0, 'pos': 0.0, 'compound': 0.0}",Bentleys for the phantoms (Uh)
Babushka Boi,A$AP Rocky,2019.,prada,brands,"{'neg': 0.0, 'neu': 1.0, 'pos': 0.0, 'compound': 0.0}",Card scammers and the Prada boosters
Pretty Heart,Parker McCollum,2019.,austin,locations,"{'neg': 0.0, 'neu': 1.0, 'pos': 0.0, 'compound': 0.0}",In these Austin neon lights
Daddy,Blueface,2019.,dolce,brands,"{'neg': 0.0, 'neu': 1.0, 'pos': 0.0, 'compound': 0.0}",She gon' do it for some Dolce Gabbana
Daddy,Blueface,2019.,louis,brands,"{'neg': 0.0, 'neu': 1.0, 'pos': 0.0, 'compound': 0.0}","Louis, Gucci, Fendi, Prada (Designer)"
Daddy,Blueface,2019.,gucci,brands,"{'neg': 0.0, 'neu': 1.0, 'pos': 0.0, 'compound': 0.0}","Louis, Gucci, Fendi, Prada (Designer)"
Daddy,Blueface,2019.,fendi,brands,"{'neg': 0.0, 'neu': 1.0, 'pos': 0.0, 'compound': 0.0}","Louis, Gucci, Fendi, Prada (Designer)"
Daddy,Blueface,2019.,prada,brands,"{'neg': 0.0, 'neu': 1.0, 'pos': 0.0, 'compound': 0.0}","Louis, Gucci, Fendi, Prada (Designer)"
Daddy,Blueface,2019.,balenciaga,brands,"{'neg': 0.206, 'neu': 0.561, 'pos': 0.234, 'compound': 0.0772}","With no strings attached like Balenciaga (Yeah, aight)20Embed"
Daddy,Blueface,2019.,fendis,brands,"{'neg': 0.18, 'neu': 0.82, 'pos': 0.0, 'compound': -0.296}","I just got her new Fendis, with no strings attached (Bop, bop)"
Daddy,Blueface,2019.,chanel,brands,"{'neg': 0.0, 'neu': 1.0, 'pos': 0.0, 'compound': 0.0}","You might get Chanel, you gon' be aight"
Daddy,Blueface,2019.,jimmy choo,brands,"{'neg': 0.0, 'neu': 1.0, 'pos': 0.0, 'compound': 0.0}",She gon' do it all for Chanel and Jimmy Choo (Jimmy Choo)
Daddy,Blueface,2019.,honda,brands,"{'neg': 0.28, 'neu': 0.72, 'pos': 0.0, 'compound': -0.5423}",How the fuck I got the Bentley? I ain't had a Honda (Ooh)
El Buho,Luis R Conriquez,2019.,tijuana,locations,"{'neg': 0.0, 'neu': 1.0, 'pos': 0.0, 'compound': 0.0}",Por clave yo soy el Búho de Tijuana
El Buho,Luis R Conriquez,2019.,san diego,locations,"{'neg': 0.0, 'neu': 1.0, 'pos': 0.0, 'compound': 0.0}",Desde La Tía hasta San Diego
Racks in the Middle,Nipsey Hussle,2019.,patek,brands,"{'neg': 0.0, 'neu': 1.0, 'pos': 0.0, 'compound': 0.0}",Tryna put the water on my Patek (Mhmmhm)
Racks in the Middle,Nipsey Hussle,2019.,maybach,brands,"{'neg': 0.0, 'neu': 1.0, 'pos': 0.0, 'compound': 0.0}",Motorcaded shooters plus the Maybach chauffeur driven
Racks in the Middle,Nipsey Hussle,2019.,lambo,brands,"{'neg': 0.0, 'neu': 1.0, 'pos': 0.0, 'compound': 0.0}",Engine in the Lambo drownin' out the music
Racks in the Middle,Nipsey Hussle,2019.,dior,brands,"{'neg': 0.0, 'neu': 1.0, 'pos': 0.0, 'compound': 0.0}","Silk Dior with the flowers, five gold Cubans"
Racks in the Middle,Nipsey Hussle,2019.,puma,brands,"{'neg': 0.0, 'neu': 1.0, 'pos': 0.0, 'compound': 0.0}","Next day we flew to Vegas, with my Puma connects"
Racks in the Middle,Nipsey Hussle,2019.,vegas,locations,"{'neg': 0.0, 'neu': 1.0, 'pos': 0.0, 'compound': 0.0}","Next day we flew to Vegas, with my Puma connects"
Phoenix,League of Legends,2019.,phoenix,locations,"{'neg': 0.0, 'neu': 1.0, 'pos': 0.0, 'compound': 0.0}","Phoenix, fly20Embed"
Déjate Querer,Lalo Ebratt,2019.,miami,locations,"{'neg': 0.0, 'neu': 0.442, 'pos': 0.558, 'compound': 0.743}","You know me, like Miami he's lovely"
GANG GANG,JACKBOYS,2019.,la,locations,"{'neg': 0.0, 'neu': 1.0, 'pos': 0.0, 'compound': 0.0}","I'm in LA with the views, huh (Yeah), I'm in LA with your boo (Yeah, it's lit)"
GANG GANG,JACKBOYS,2019.,new york,locations,"{'neg': 0.0, 'neu': 0.737, 'pos': 0.263, 'compound': 0.3612}","I'm from New York, she like how I talk"
I Don't Belong In This Club,Why Don't We,2019.,uber,brands,"{'neg': 0.0, 'neu': 1.0, 'pos': 0.0, 'compound': 0.0}",Hopped out of the Uber (Uber)
I Don't Belong In This Club,Why Don't We,2019.,red bull,brands,"{'neg': 0.0, 'neu': 1.0, 'pos': 0.0, 'compound': 0.0}",Roll with the punches and hold my Red Bull up
I Don't Belong In This Club,Why Don't We,2019.,ubers,brands,"{'neg': 0.226, 'neu': 0.774, 'pos': 0.0, 'compound': -0.3875}","I don't care if the Uber's on surge (No I don't, no)"
Red Room,Offset,2019.,lamborghini,brands,"{'neg': 0.0, 'neu': 1.0, 'pos': 0.0, 'compound': 0.0}","Green Lamborghini, paper tags (Skrrt, skrrt)"
Red Room,Offset,2019.,brooklyn,locations,"{'neg': 0.0, 'neu': 1.0, 'pos': 0.0, 'compound': 0.0}",We done sold out Brooklyn (Sold out)
Down Bad,Dreamville,2019.,porsche,brands,"{'neg': 0.0, 'neu': 1.0, 'pos': 0.0, 'compound': 0.0}",Wanna make it home? Then get out the Porsche
Down Bad,Dreamville,2019.,atlanta,locations,"{'neg': 0.296, 'neu': 0.51, 'pos': 0.194, 'compound': -0.25}","Okay, lil' dirty, nappy-headed East Atlanta nigga"
I Wish Grandpas Never Died,Riley Green,2019.,bud light,brands,"{'neg': 0.0, 'neu': 1.0, 'pos': 0.0, 'compound': 0.0}",And coolers never run out of cold Bud Light
I Wish Grandpas Never Died,Riley Green,2019.,chevrolet,brands,"{'neg': 0.0, 'neu': 0.645, 'pos': 0.355, 'compound': 0.6705}","Wish the first time, seventeen, she was my everything kiss in a Chevrolet"
I Wish Grandpas Never Died,Riley Green,2019.,birmingham,locations,"{'neg': 0.0, 'neu': 0.597, 'pos': 0.403, 'compound': 0.4019}",I wish every state had a Birmingham
Can We Pretend,P!nk,2019.,la,locations,"{'neg': 0.0, 'neu': 1.0, 'pos': 0.0, 'compound': 0.0}",How our daddy issues took us to LA
Cada Vez Te Extraño Más,Grupo Firme,2019.,la,locations,"{'neg': 0.183, 'neu': 0.817, 'pos': 0.0, 'compound': -0.3987}",See Grupo Firme LiveGet tickets as low as $10¡HAY CHIQUITITA! ¡COMO LA QUIERO!
How to disappear,Lana Del Rey,2019.,new york,locations,"{'neg': 0.0, 'neu': 1.0, 'pos': 0.0, 'compound': 0.0}",Now it's been years since I left New York
How to disappear,Lana Del Rey,2019.,california,locations,"{'neg': 0.0, 'neu': 1.0, 'pos': 0.0, 'compound': 0.0}",The California sun and the movie stars
Atrévete,Nicky Jam,2019.,puerto rico,locations,"{'neg': 0.0, 'neu': 1.0, 'pos': 0.0, 'compound': 0.0}",Puerto Rico y Panamá
Somebody,Internet Money,2019.,rari,brands,"{'neg': 0.0, 'neu': 0.784, 'pos': 0.216, 'compound': 0.296}","The king of the jungle in the 'Rari, yeah"
fast,Sueco,2019.,saks,brands,"{'neg': 0.0, 'neu': 1.0, 'pos': 0.0, 'compound': 0.0}",Vetements socks when I'm steppin' out of Saks
Seguimos Laborando,Grupo 360,2019.,glock,brands,"{'neg': 0.0, 'neu': 1.0, 'pos': 0.0, 'compound': 0.0}","M60, una Glock, cuerno con tubo, rifle de huevos"
Clandestina,FILV,2019.,miami,locations,"{'neg': 0.0, 'neu': 1.0, 'pos': 0.0, 'compound': 0.0}","J'suis une clandestina, une clandestina à Miami"
Mejor No Nos Vemos,Rels B,2019.,medellín,locations,"{'neg': 0.0, 'neu': 1.0, 'pos': 0.0, 'compound': 0.0}",Tú en España yo de gira por Medellín
Tilidin,Capital Bra,2019.,lambo,brands,"{'neg': 0.0, 'neu': 1.0, 'pos': 0.0, 'compound': 0.0}","Roll' im Lambo durch Monaco, stapel' Kohle, so wie Fàbregas"
Tilidin,Capital Bra,2019.,adidas,brands,"{'neg': 0.0, 'neu': 1.0, 'pos': 0.0, 'compound': 0.0}","Scacchi, Juventus, Jogginghose Adidas"
Tilidin,Capital Bra,2019.,benz,brands,"{'neg': 0.0, 'neu': 1.0, 'pos': 0.0, 'compound': 0.0}","Während Rapper unsre Tracks biten (Uff), musst' ich im Benz heizen (Wrrm)"
Tilidin,Capital Bra,2019.,monaco,locations,"{'neg': 0.0, 'neu': 1.0, 'pos': 0.0, 'compound': 0.0}","Roll' im Lambo durch Monaco, stapel' Kohle, so wie Fàbregas"
+ (MÁS),Aitana,2019.,tantas,locations,"{'neg': 0.0, 'neu': 1.0, 'pos': 0.0, 'compound': 0.0}",Tantas preguntas tan inevitables
Una volta ancora,Fred De Palma,2019.,palma,locations,"{'neg': 0.0, 'neu': 1.0, 'pos': 0.0, 'compound': 0.0}",[Pre-ritornello: Fred De Palma con Ana Mena]
Imaginate,Rich Music LTD,2019.,barbie,brands,"{'neg': 0.0, 'neu': 0.714, 'pos': 0.286, 'compound': 0.6124}",Nuestro amor es de mentira como Barbie y Ken en el weekend
I'll Kill You,Summer Walker,2019.,london,locations,"{'neg': 0.0, 'neu': 1.0, 'pos': 0.0, 'compound': 0.0}",We got London on the track15Embed
Bonita,Juanes,2019.,colombia,locations,"{'neg': 0.0, 'neu': 1.0, 'pos': 0.0, 'compound': 0.0}","De Colombia para el mundo, papi"
How I Move,Flipp Dinero,2019.,rollie,brands,"{'neg': 0.0, 'neu': 1.0, 'pos': 0.0, 'compound': 0.0}",Rollie don't tick but it got big rocks
How I Move,Flipp Dinero,2019.,benz,brands,"{'neg': 0.13, 'neu': 0.87, 'pos': 0.0, 'compound': -0.2732}","Went and copped me a crib just to park up the drop (Benz, Benz, gang, gang)"
Heat,Chris Brown,2019.,celine,brands,"{'neg': 0.268, 'neu': 0.732, 'pos': 0.0, 'compound': -0.296}",No stylist in the Celine (No stylist)
Heat,Chris Brown,2019.,patek philippe,brands,"{'neg': 0.0, 'neu': 1.0, 'pos': 0.0, 'compound': 0.0}","Got you flodgin' with a icy Patek Philippe, oh, oh"
Heat,Chris Brown,2019.,fendi,brands,"{'neg': 0.0, 'neu': 1.0, 'pos': 0.0, 'compound': 0.0}","Fendi prints all on your bathin' suit, your style is so unique (Your style is so unique)"
Heat,Chris Brown,2019.,birkin,brands,"{'neg': 0.0, 'neu': 1.0, 'pos': 0.0, 'compound': 0.0}",Birkin bags and Goyard pouches (Pouches)
MOJAITA,J Balvin,2019.,corona,brands,"{'neg': 0.0, 'neu': 1.0, 'pos': 0.0, 'compound': 0.0}",Dale a la Corona y la Medalla (Ey)
MOJAITA,J Balvin,2019.,miami,locations,"{'neg': 0.0, 'neu': 1.0, 'pos': 0.0, 'compound': 0.0}","Está caliente, ya la firmó Miami (¡Uh-wih!)"
La Cartera,Farruko,2019.,gucci,brands,"{'neg': 0.0, 'neu': 0.455, 'pos': 0.545, 'compound': 0.5574}",La cartera Gucci o Supreme
La Cartera,Farruko,2019.,supreme,brands,"{'neg': 0.0, 'neu': 0.455, 'pos': 0.545, 'compound': 0.5574}",La cartera Gucci o Supreme
La Cartera,Farruko,2019.,harley,brands,"{'neg': 0.0, 'neu': 1.0, 'pos': 0.0, 'compound': 0.0}",Aquí la' moñas son verde' como el Wason & Harley
La Cartera,Farruko,2019.,louis,brands,"{'neg': 0.0, 'neu': 1.0, 'pos': 0.0, 'compound': 0.0}",La cartera es Louis y es 100% en piel
La Cartera,Farruko,2019.,cartier,brands,"{'neg': 0.0, 'neu': 1.0, 'pos': 0.0, 'compound': 0.0}","Y adentro tengo la' moña', la paca y las Cartier"
La Cartera,Farruko,2019.,jamaica,locations,"{'neg': 0.0, 'neu': 1.0, 'pos': 0.0, 'compound': 0.0}","Jamaica, Jamaica"
Keisha & Becky,Russ Millions,2019.,cali,locations,"{'neg': 0.0, 'neu': 0.488, 'pos': 0.512, 'compound': 0.6369}","Cali weed, I love ganja (Love)"
Keisha & Becky,Russ Millions,2019.,london,locations,"{'neg': 0.0, 'neu': 1.0, 'pos': 0.0, 'compound': 0.0}",But catch me in Central London
In The Party,Flo Milli,2019.,alabama,locations,"{'neg': 0.239, 'neu': 0.761, 'pos': 0.0, 'compound': -0.6239}","(La, la, la, la, la, la) Bitch, I'm from Alabama (RaeSam on the beat!)"
Lottery (Renegade),K CAMP,2019.,prada,brands,"{'neg': 0.0, 'neu': 0.804, 'pos': 0.196, 'compound': 0.296}","Prada shoes, yeah, I keep a style on me (Style on me)"
Lottery (Renegade),K CAMP,2019.,laurent,brands,"{'neg': 0.0, 'neu': 1.0, 'pos': 0.0, 'compound': 0.0}","Saint Laurent, Marmier, Givenchy (Givenchy)"
Lottery (Renegade),K CAMP,2019.,givenchy,brands,"{'neg': 0.0, 'neu': 1.0, 'pos': 0.0, 'compound': 0.0}","Saint Laurent, Marmier, Givenchy (Givenchy)"
Lottery (Renegade),K CAMP,2019.,gucci,brands,"{'neg': 0.0, 'neu': 1.0, 'pos': 0.0, 'compound': 0.0}","Gucci goggles, Gucci buckle, Gucci skis"
Lottery (Renegade),K CAMP,2019.,dc,locations,"{'neg': 0.0, 'neu': 1.0, 'pos': 0.0, 'compound': 0.0}","I know shooters in DC, Bradley Beal (Shoot)"
2002,Sido,2019.,bacardi,brands,"{'neg': 0.0, 'neu': 1.0, 'pos': 0.0, 'compound': 0.0}",Bacardi Rum in der Tasse
2002,Sido,2019.,essen,locations,"{'neg': 0.0, 'neu': 1.0, 'pos': 0.0, 'compound': 0.0}","2002, Mama holt für ihre Söhne Essen"
Fresa,TINI,2019.,tantas,locations,"{'neg': 0.355, 'neu': 0.645, 'pos': 0.0, 'compound': -0.296}",Tantas ganas no se controlan
Goddamn,Tyga,2019.,lamborghini,brands,"{'neg': 0.0, 'neu': 1.0, 'pos': 0.0, 'compound': 0.0}","I’m a California nigga in a yellow Lamborghini (Skrrt, skrrt, skrrt)"
Goddamn,Tyga,2019.,california,locations,"{'neg': 0.0, 'neu': 1.0, 'pos': 0.0, 'compound': 0.0}","I’m a California nigga in a yellow Lamborghini (Skrrt, skrrt, skrrt)"
Deux frères,PNL,2019.,ford,brands,"{'neg': 0.0, 'neu': 1.0, 'pos': 0.0, 'compound': 0.0}","Flow Corvette, Ford Mustang, dans la légende"
Deux frères,PNL,2019.,mustang,brands,"{'neg': 0.0, 'neu': 1.0, 'pos': 0.0, 'compound': 0.0}","Flow Corvette, Ford Mustang, dans la légende"
Deux frères,PNL,2019.,nike,brands,"{'neg': 0.0, 'neu': 1.0, 'pos': 0.0, 'compound': 0.0}",Salaire de bacqueux chaque soir dans les Nike
Two of Us,Louis Tomlinson,2019.,louis,brands,"{'neg': 0.16, 'neu': 0.84, 'pos': 0.0, 'compound': -0.2732}",See Louis Tomlinson LiveGet tickets as low as $44You might also like[Pre-Chorus]
Bacc Seat,Roddy Ricch,2019.,celine,brands,"{'neg': 0.0, 'neu': 0.658, 'pos': 0.342, 'compound': 0.1531}","She want Celine, she want the Gucci"
Bacc Seat,Roddy Ricch,2019.,gucci,brands,"{'neg': 0.0, 'neu': 0.658, 'pos': 0.342, 'compound': 0.1531}","She want Celine, she want the Gucci"
Bacc Seat,Roddy Ricch,2019.,jeep,brands,"{'neg': 0.0, 'neu': 1.0, 'pos': 0.0, 'compound': 0.0}","Pull up in a Jeep, I put it on Forgi'"
Bacc Seat,Roddy Ricch,2019.,porsche,brands,"{'neg': 0.304, 'neu': 0.696, 'pos': 0.0, 'compound': -0.5423}",Had to throw that fat ass in the Porsche
Bacc Seat,Roddy Ricch,2019.,balenciaga,brands,"{'neg': 0.0, 'neu': 0.885, 'pos': 0.115, 'compound': 0.0772}","I call her my lil' mama, she want new Balenciaga (Ooh yeah)"
Maman ne le sait pas,Ninho,2019.,cayenne,brands,"{'neg': 0.0, 'neu': 1.0, 'pos': 0.0, 'compound': 0.0}","Là, j'suis avec quatre chicas, j'ai mis le plein dans le Cayenne S"
Maman ne le sait pas,Ninho,2019.,balmain,brands,"{'neg': 0.0, 'neu': 1.0, 'pos': 0.0, 'compound': 0.0}","Parigot validé, Balmain rempli d'espèces"
Hatchback,Cochise,2019.,tokyo,locations,"{'neg': 0.0, 'neu': 0.863, 'pos': 0.137, 'compound': 0.2263}","In Tokyo (Uh), I'm with my ghouls (Uh, uh, uh, uh, uh), okay"
Hatchback,Cochise,2019.,liverpool,locations,"{'neg': 0.268, 'neu': 0.732, 'pos': 0.0, 'compound': -0.296}","My shooters up (Uh), no Liverpool (Uh)"
Date La Vuelta,Luis Fonsi,2019.,puerto rico,locations,"{'neg': 0.0, 'neu': 1.0, 'pos': 0.0, 'compound': 0.0}","De Puerto Rico a Cartagena, ey"
Date La Vuelta,Luis Fonsi,2019.,cartagena,locations,"{'neg': 0.0, 'neu': 1.0, 'pos': 0.0, 'compound': 0.0}","De Puerto Rico a Cartagena, ey"
Date La Vuelta,Luis Fonsi,2019.,venezuela,locations,"{'neg': 0.0, 'neu': 1.0, 'pos': 0.0, 'compound': 0.0}","De Punta Cana a Venezuela, ey"
Press,Cardi B,2019.,patek,brands,"{'neg': 0.0, 'neu': 1.0, 'pos': 0.0, 'compound': 0.0}","Just flooded the wrist, the Patek, the watch (Woah)"
Press,Cardi B,2019.,bentley,brands,"{'neg': 0.0, 'neu': 1.0, 'pos': 0.0, 'compound': 0.0}",New Bentley truck cost a quarter (Quarter)
Press,Cardi B,2019.,dior,brands,"{'neg': 0.0, 'neu': 0.725, 'pos': 0.275, 'compound': 0.2263}",This chopper come straight from Dior
Press,Cardi B,2019.,new york,locations,"{'neg': 0.0, 'neu': 1.0, 'pos': 0.0, 'compound': 0.0}","Got one in New York, need one in Georgia (Yeah)"
Press,Cardi B,2019.,georgia,locations,"{'neg': 0.0, 'neu': 1.0, 'pos': 0.0, 'compound': 0.0}","Got one in New York, need one in Georgia (Yeah)"
Press,Cardi B,2019.,florida,locations,"{'neg': 0.0, 'neu': 0.667, 'pos': 0.333, 'compound': 0.3612}",Pussy still wet like Florida (Woo)
Glass House,mgk,2019.,pittsburgh,locations,"{'neg': 0.381, 'neu': 0.619, 'pos': 0.0, 'compound': -0.5106}","Just came from Pittsburgh, damn, I miss my homie Mac"
Boasty,Wiley,2019.,cali,locations,"{'neg': 0.0, 'neu': 1.0, 'pos': 0.0, 'compound': 0.0}",You can see the Cali weed when you look into my eyes
Tomboy,Destiny Rogers,2019.,sephora,brands,"{'neg': 0.0, 'neu': 1.0, 'pos': 0.0, 'compound': 0.0}","Hit Sephora quick, get a red lip"
MEGATRON,Nicki Minaj,2019.,benz,brands,"{'neg': 0.0, 'neu': 1.0, 'pos': 0.0, 'compound': 0.0}","My name is Nicki M, I'm in a sticky Benz"
MEGATRON,Nicki Minaj,2019.,barbie,brands,"{'neg': 0.0, 'neu': 1.0, 'pos': 0.0, 'compound': 0.0}","That mean it's candy apple red, I'm Barbie, this is Ken"
MEGATRON,Nicki Minaj,2019.,fendi,brands,"{'neg': 0.0, 'neu': 1.0, 'pos': 0.0, 'compound': 0.0}","That is a Fendi fact, I'm with a hunnid macs"
Wieder Lila,Samra,2019.,levis,brands,"{'neg': 0.0, 'neu': 1.0, 'pos': 0.0, 'compound': 0.0}","Ich hab' Alkohol im Blut, in der Levi's circa sechzig Mille"
Wieder Lila,Samra,2019.,beamer,brands,"{'neg': 0.0, 'neu': 1.0, 'pos': 0.0, 'compound': 0.0}",Lila in der Tasche und wir rollen im Beamer
Wieder Lila,Samra,2019.,lamborghini,brands,"{'neg': 0.0, 'neu': 1.0, 'pos': 0.0, 'compound': 0.0}","​​iPhone-Handycam, Lamborghini Huracán"
Wieder Lila,Samra,2019.,gucci,brands,"{'neg': 0.0, 'neu': 1.0, 'pos': 0.0, 'compound': 0.0}","Ich steh' auf Komfort, Gucci, Louis, Tom Ford"
Wieder Lila,Samra,2019.,louis,brands,"{'neg': 0.0, 'neu': 1.0, 'pos': 0.0, 'compound': 0.0}","Ich steh' auf Komfort, Gucci, Louis, Tom Ford"
Wieder Lila,Samra,2019.,tom ford,brands,"{'neg': 0.0, 'neu': 1.0, 'pos': 0.0, 'compound': 0.0}","Ich steh' auf Komfort, Gucci, Louis, Tom Ford"
Wieder Lila,Samra,2019.,milan,locations,"{'neg': 0.0, 'neu': 1.0, 'pos': 0.0, 'compound': 0.0}",Im Jogginganzug von Milan
North Memphis,Pharmacist,2019.,glock,brands,"{'neg': 0.284, 'neu': 0.716, 'pos': 0.0, 'compound': -0.6956}","But you can talk yo' ass off my Glock, I'm breaking something off"
North Memphis,Pharmacist,2019.,memphis,locations,"{'neg': 0.375, 'neu': 0.625, 'pos': 0.0, 'compound': -0.34}","North Memphis, North Memphis niggas"
Myself,Post Malone,2019.,orlando,locations,"{'neg': 0.0, 'neu': 1.0, 'pos': 0.0, 'compound': 0.0}",Your second cousin lives in Orlando (Orlando)
Body,Summer Walker,2019.,london,locations,"{'neg': 0.0, 'neu': 1.0, 'pos': 0.0, 'compound': 0.0}",We got London on da Track
"Trueno: Bzrp Freestyle Sessions, Vol. 6",Bizarrap,2019.,china,locations,"{'neg': 0.0, 'neu': 1.0, 'pos': 0.0, 'compound': 0.0}","Mi flow va en serio, papi, estoy hasta China"
Legacy,Offset,2019.,ghini,brands,"{'neg': 0.231, 'neu': 0.769, 'pos': 0.0, 'compound': -0.3412}","Pimpin' ain't easy (Pimpin'), hoppin' out the 'Ghini ('Ghini)"
Legacy,Offset,2019.,rari,brands,"{'neg': 0.0, 'neu': 1.0, 'pos': 0.0, 'compound': 0.0}","I fuel up the Rari, performance (Skrrt)"
Legacy,Offset,2019.,richard mille,brands,"{'neg': 0.0, 'neu': 1.0, 'pos': 0.0, 'compound': 0.0}","Richard Mille on me cost half a ticket, dawg (Half a ticket)"
Legacy,Offset,2019.,mississippi,locations,"{'neg': 0.0, 'neu': 1.0, 'pos': 0.0, 'compound': 0.0}",Then I find his body by 3 Mississippi (On God)
Ne reviens pas,Gradur,2019.,uber,brands,"{'neg': 0.0, 'neu': 1.0, 'pos': 0.0, 'compound': 0.0}","Faut qu'tu coopères, si tu veux pas, bah, prends ton Uber"
IMPORTED,Jessie Reyez,2019.,honda,brands,"{'neg': 0.0, 'neu': 1.0, 'pos': 0.0, 'compound': 0.0}",Came a long way from a Honda
IMPORTED,Jessie Reyez,2019.,porsches,brands,"{'neg': 0.368, 'neu': 0.632, 'pos': 0.0, 'compound': -0.5423}","Tryna fuck you in some Porsches, baby"
Self Control,YoungBoy Never Broke Again,2019.,glock,brands,"{'neg': 0.0, 'neu': 1.0, 'pos': 0.0, 'compound': 0.0}","I'm so slime, on this Glock, got a green beam (Let's go)"
Self Control,YoungBoy Never Broke Again,2019.,dior,brands,"{'neg': 0.189, 'neu': 0.697, 'pos': 0.114, 'compound': -0.3612}","Wake up in the morning, get fresh as a bitch, I'ma walk in Dior in some Margielas"
Right Back,Khalid,2019.,la,locations,"{'neg': 0.0, 'neu': 1.0, 'pos': 0.0, 'compound': 0.0}","In LA, but I’ll be there at 8 if the traffic allows it"
B11,Rvssian,2019.,versace,brands,"{'neg': 0.0, 'neu': 1.0, 'pos': 0.0, 'compound': 0.0}",Versace de la' tenni' hasta los boxers
Dear Society,Madison Beer,2019.,amsterdam,locations,"{'neg': 0.277, 'neu': 0.723, 'pos': 0.0, 'compound': -0.3182}","I lost my phone in Amsterdam, it's 5 AM"
Dear Society,Madison Beer,2019.,madison,locations,"{'neg': 0.149, 'neu': 0.851, 'pos': 0.0, 'compound': -0.2732}",See Madison Beer LiveGet tickets as low as $78You might also like[Verse 2]
In Your Arms,ILLENIUM,2019.,rome,locations,"{'neg': 0.0, 'neu': 1.0, 'pos': 0.0, 'compound': 0.0}",Though we may never see the streets of Rome
Um Pedido,Hungria,2019.,audi,brands,"{'neg': 0.216, 'neu': 0.784, 'pos': 0.0, 'compound': -0.296}","Lembro do sonho das Audi, da fumaceira no breu"
Jerry Sprunger,Tory Lanez,2019.,lamborghini,brands,"{'neg': 0.0, 'neu': 0.796, 'pos': 0.204, 'compound': 0.4717}","You ain't got my bitch in a Lamborghini, bikini, on the beach sittin' up"""
Professor X,Dave,2019.,balenciagas,brands,"{'neg': 0.0, 'neu': 1.0, 'pos': 0.0, 'compound': 0.0}",Football in Balenciagas
Professor X,Dave,2019.,pradas,brands,"{'neg': 0.0, 'neu': 1.0, 'pos': 0.0, 'compound': 0.0}",Or I kickball in my all-black Pradas
Professor X,Dave,2019.,rollie,brands,"{'neg': 0.0, 'neu': 1.0, 'pos': 0.0, 'compound': 0.0}","Watch glistenin' but the Rollie tickin', it's"
Professor X,Dave,2019.,henny,brands,"{'neg': 0.421, 'neu': 0.579, 'pos': 0.0, 'compound': -0.6249}","Just Henny and Jenny from the block, no J.Lo"
Professor X,Dave,2019.,lv,locations,"{'neg': 0.0, 'neu': 1.0, 'pos': 0.0, 'compound': 0.0}","LV hat, backpack, and sneakers"
Elle est bonne sa mère,Vegedream,2019.,chanel,brands,"{'neg': 0.0, 'neu': 1.0, 'pos': 0.0, 'compound': 0.0}","Elle veut Chanel et la Role' au poignet, elle veut Chanel et la Role' au poignet"
Elle est bonne sa mère,Vegedream,2019.,rolex,brands,"{'neg': 0.0, 'neu': 1.0, 'pos': 0.0, 'compound': 0.0}","Elle veut Rolex, pas la Casio, elle connait le physio', son boule, c'est l'effet d'un attentat"
GIANTS,True Damage,2019.,benz,brands,"{'neg': 0.0, 'neu': 0.682, 'pos': 0.318, 'compound': 0.4201}",I'm a Benz and you're more like a Volvo
GIANTS,True Damage,2019.,volvo,brands,"{'neg': 0.0, 'neu': 0.682, 'pos': 0.318, 'compound': 0.4201}",I'm a Benz and you're more like a Volvo
Putana,Ninho,2019.,glock,brands,"{'neg': 0.0, 'neu': 1.0, 'pos': 0.0, 'compound': 0.0}",J’prendrai soin d’toi comme le Glock que j’ai sur moi
SOLVED THE PROBLEM,Comethazine,2019.,uber,brands,"{'neg': 0.257, 'neu': 0.743, 'pos': 0.0, 'compound': -0.5859}","Bitch, while I call your Uber, go wait over by the door (Bye)"
Blame,Bryson Tiller,2019.,henny,brands,"{'neg': 0.0, 'neu': 0.722, 'pos': 0.278, 'compound': 0.4019}","Got a big Henny cup, thought drinking would help"
Feel Me,Rich Music LTD,2019.,chile,locations,"{'neg': 0.0, 'neu': 1.0, 'pos': 0.0, 'compound': 0.0}","De Ponce aterrizo en Chile, como la más dura"
Lunchbox Friends,Melanie Martinez,2019.,barbie,brands,"{'neg': 0.293, 'neu': 0.435, 'pos': 0.272, 'compound': -0.0516}",Gotta look like a fuckin' damn Barbie
Hauseingang,Pashanim,2019.,berlin,locations,"{'neg': 0.0, 'neu': 1.0, 'pos': 0.0, 'compound': 0.0}","Wir sind Engel, doch gefall'n, 2000 in Berlin"
Let Her Go,The Kid LAROI,2019.,benz,brands,"{'neg': 0.255, 'neu': 0.584, 'pos': 0.161, 'compound': -0.3182}","Yeah, new Benz, too bad, I'ma see you later, shawty"
That's a Rack,Lil Uzi Vert,2019.,fendi,brands,"{'neg': 0.0, 'neu': 1.0, 'pos': 0.0, 'compound': 0.0}","Fendi knapsack, while I'm spittin' Fendi facts (Facts)"
That's a Rack,Lil Uzi Vert,2019.,lamb,brands,"{'neg': 0.0, 'neu': 1.0, 'pos': 0.0, 'compound': 0.0}",Saw a minivan followin' my brand new Lamb' (Lamb')
That's a Rack,Lil Uzi Vert,2019.,balmain,brands,"{'neg': 0.0, 'neu': 1.0, 'pos': 0.0, 'compound': 0.0}","Balmain jeans, on the front got the zipper"
That's a Rack,Lil Uzi Vert,2019.,bentley,brands,"{'neg': 0.0, 'neu': 1.0, 'pos': 0.0, 'compound': 0.0}","Bentley, Hellcat, new Lambo and Maybach (Yeah)"
That's a Rack,Lil Uzi Vert,2019.,lambo,brands,"{'neg': 0.0, 'neu': 1.0, 'pos': 0.0, 'compound': 0.0}","Bentley, Hellcat, new Lambo and Maybach (Yeah)"
That's a Rack,Lil Uzi Vert,2019.,maybach,brands,"{'neg': 0.0, 'neu': 1.0, 'pos': 0.0, 'compound': 0.0}","Bentley, Hellcat, new Lambo and Maybach (Yeah)"
That's a Rack,Lil Uzi Vert,2019.,dior,brands,"{'neg': 0.0, 'neu': 1.0, 'pos': 0.0, 'compound': 0.0}","I got on Dior, and my skinnies, they all black"
Amigo,Lil Tecca,2019.,bape,brands,"{'neg': 0.259, 'neu': 0.741, 'pos': 0.0, 'compound': -0.5423}","Just mixed the BAPE with the Simons, my bad (My bad)"
Amigo,Lil Tecca,2019.,porsche,brands,"{'neg': 0.237, 'neu': 0.763, 'pos': 0.0, 'compound': -0.4767}",And I know she wanna come and cry up in the Porsche
Amigo,Lil Tecca,2019.,ford,brands,"{'neg': 0.0, 'neu': 1.0, 'pos': 0.0, 'compound': 0.0}","I cannot focus, I might hop up in a Ford"
Amigo,Lil Tecca,2019.,new york,locations,"{'neg': 0.0, 'neu': 0.783, 'pos': 0.217, 'compound': 0.3612}","Got racks in the vault, in New York like stocks"
All The Lies,Alok,2019.,paris,locations,"{'neg': 0.0, 'neu': 1.0, 'pos': 0.0, 'compound': 0.0}",We were gonna go to Paris
Time Machine,WILLOW,2019.,nyc,locations,"{'neg': 0.0, 'neu': 1.0, 'pos': 0.0, 'compound': 0.0}",I'd be in the streets of NYC
Me Gusta,DTF,2019.,honda,brands,"{'neg': 0.0, 'neu': 1.0, 'pos': 0.0, 'compound': 0.0}","J'trahis pas la honda, fort comme mon ron-da, vendetta, sors le Honda"
Tumbando el Club,Neo Pistea,2019.,ferrari,brands,"{'neg': 0.0, 'neu': 1.0, 'pos': 0.0, 'compound': 0.0}",Soy como un Ferrari porque vivo acelerado y qué lo qué
Tumbando el Club,Neo Pistea,2019.,gucci,brands,"{'neg': 0.0, 'neu': 1.0, 'pos': 0.0, 'compound': 0.0}","Si Gucci es tu santo, está' equivocado"
Tumbando el Club,Neo Pistea,2019.,montana,locations,"{'neg': 0.0, 'neu': 1.0, 'pos': 0.0, 'compound': 0.0}",[Verso 3: Coqeéin Montana & Neo Pistea]
Girls Have Fun,Tyga,2019.,l.a.,locations,"{'neg': 0.0, 'neu': 1.0, 'pos': 0.0, 'compound': 0.0}","(From the Bay to L.A., you already know)"
Ruthless,Lil Tjay,2019.,balmains,brands,"{'neg': 0.31, 'neu': 0.69, 'pos': 0.0, 'compound': -0.5574}","Pop out, I'ma stain, Balmains and some Bape shit"
Ruthless,Lil Tjay,2019.,bape,brands,"{'neg': 0.31, 'neu': 0.69, 'pos': 0.0, 'compound': -0.5574}","Pop out, I'ma stain, Balmains and some Bape shit"
Ruthless,Lil Tjay,2019.,nikes,brands,"{'neg': 0.0, 'neu': 0.753, 'pos': 0.247, 'compound': 0.3182}",With some retro J's and some fresh Nikes
Ruthless,Lil Tjay,2019.,maybach,brands,"{'neg': 0.0, 'neu': 1.0, 'pos': 0.0, 'compound': 0.0}","In that Maybach, you can't see through the tint"
Ruthless,Lil Tjay,2019.,atlanta,locations,"{'neg': 0.0, 'neu': 1.0, 'pos': 0.0, 'compound': 0.0}",All of this designer got me broads in Atlanta
Gold Roses,Rick Ross,2019.,chanel,brands,"{'neg': 0.0, 'neu': 1.0, 'pos': 0.0, 'compound': 0.0}","Chanel in the mail, FedEx from Pharrell"
Gold Roses,Rick Ross,2019.,xanny,brands,"{'neg': 0.0, 'neu': 1.0, 'pos': 0.0, 'compound': 0.0}","Lot of lines crossed, I never did a Xanny"
Gold Roses,Rick Ross,2019.,america,locations,"{'neg': 0.0, 'neu': 1.0, 'pos': 0.0, 'compound': 0.0}","Coming to America, really the set"
BIG,Young M.A,2019.,patek,brands,"{'neg': 0.0, 'neu': 1.0, 'pos': 0.0, 'compound': 0.0}","Oh, and a Patek too"
BIG,Young M.A,2019.,kappa,brands,"{'neg': 0.0, 'neu': 1.0, 'pos': 0.0, 'compound': 0.0}","Oh, in that Kappa too"
BIG,Young M.A,2019.,off-white,brands,"{'neg': 0.0, 'neu': 1.0, 'pos': 0.0, 'compound': 0.0}","Off-White, off night, cookies and cream"
BIG,Young M.A,2019.,glocks,brands,"{'neg': 0.0, 'neu': 1.0, 'pos': 0.0, 'compound': 0.0}",Big Glocks (Ooh)
BIG,Young M.A,2019.,hennessy,brands,"{'neg': 0.0, 'neu': 1.0, 'pos': 0.0, 'compound': 0.0}","Double cup of Hennessy, we call it money-'yac (That Henny)"
BIG,Young M.A,2019.,rollie,brands,"{'neg': 0.0, 'neu': 1.0, 'pos': 0.0, 'compound': 0.0}","Why your Rollie tick-tick-tocking? Ayy, uh"
BIG,Young M.A,2019.,bugatti,brands,"{'neg': 0.0, 'neu': 1.0, 'pos': 0.0, 'compound': 0.0}","I woke up in that pussy, her new name Bugatti, uh"
BIG,Young M.A,2019.,la,locations,"{'neg': 0.0, 'neu': 1.0, 'pos': 0.0, 'compound': 0.0}","Yellowbone smoking purple, LA Lakers, uh"
Nothing On You,Ed Sheeran,2019.,chanel,brands,"{'neg': 0.0, 'neu': 1.0, 'pos': 0.0, 'compound': 0.0}",I take Chanel to Chanel for a shopping spree
Nothing On You,Ed Sheeran,2019.,rover,brands,"{'neg': 0.0, 'neu': 1.0, 'pos': 0.0, 'compound': 0.0}","I fly in a spaceship, I gotta land the Rover"
Drugs,UPSAHL,2019.,audi,brands,"{'neg': 0.0, 'neu': 1.0, 'pos': 0.0, 'compound': 0.0}",Brand new Audi hatchback
Nobody But You (Duet with Gwen Stefani),Blake Shelton,2019.,louis,brands,"{'neg': 0.0, 'neu': 0.857, 'pos': 0.143, 'compound': 0.128}",Louis The Child - Here Comes A Feeling (with Naomi Wild & Couros)
Nobody But You (Duet with Gwen Stefani),Blake Shelton,2019.,gucci,brands,"{'neg': 0.0, 'neu': 1.0, 'pos': 0.0, 'compound': 0.0}",Bantu - Gucci Cranberry
YO LE LLEGO,J Balvin,2019.,rolex,brands,"{'neg': 0.0, 'neu': 1.0, 'pos': 0.0, 'compound': 0.0}","Me pongo Rolex como si fueran Casio, ey"
YO LE LLEGO,J Balvin,2019.,colombia,locations,"{'neg': 0.0, 'neu': 1.0, 'pos': 0.0, 'compound': 0.0}",Colombia ya le llegó
YO LE LLEGO,J Balvin,2019.,argentina,locations,"{'neg': 0.0, 'neu': 1.0, 'pos': 0.0, 'compound': 0.0}",Argentina ya le llegó
YO LE LLEGO,J Balvin,2019.,venezuela,locations,"{'neg': 0.0, 'neu': 1.0, 'pos': 0.0, 'compound': 0.0}",Venezuela ya le llegó
YO LE LLEGO,J Balvin,2019.,puerto rico,locations,"{'neg': 0.0, 'neu': 1.0, 'pos': 0.0, 'compound': 0.0}",Puerto Rico ya le llegó
YO LE LLEGO,J Balvin,2019.,chile,locations,"{'neg': 0.0, 'neu': 1.0, 'pos': 0.0, 'compound': 0.0}",Chile ya le llegó
YO LE LLEGO,J Balvin,2019.,santo domingo,locations,"{'neg': 0.0, 'neu': 1.0, 'pos': 0.0, 'compound': 0.0}","Santo Domingo ya le llegó, ey"
Screwface Capital,Dave,2019.,porsche,brands,"{'neg': 0.0, 'neu': 1.0, 'pos': 0.0, 'compound': 0.0}",My location changes quicker than gears on a brand new Porsche Cayman
Whip A Tesla,Yung Gravy,2019.,tesla,brands,"{'neg': 0.0, 'neu': 1.0, 'pos': 0.0, 'compound': 0.0}","Whip a Tesla, spinners lookin' kinda extra (Extra)"
Whip A Tesla,Yung Gravy,2019.,dodge,brands,"{'neg': 0.0, 'neu': 1.0, 'pos': 0.0, 'compound': 0.0}","Dodge my ex's texts (Thot), now she sendin' letters"
Whip A Tesla,Yung Gravy,2019.,patek,brands,"{'neg': 0.0, 'neu': 1.0, 'pos': 0.0, 'compound': 0.0}","Articuno on my neck, Pikachu on my Patek"
Whip A Tesla,Yung Gravy,2019.,prada,brands,"{'neg': 0.322, 'neu': 0.678, 'pos': 0.0, 'compound': -0.5859}","Double bitch, double header, Prada runners with the leather"
Whip A Tesla,Yung Gravy,2019.,guinness,brands,"{'neg': 0.0, 'neu': 1.0, 'pos': 0.0, 'compound': 0.0}","Gravy Guinness, front flip the finish"
Tokyo Drifting,Glass Animals,2019.,jordan,brands,"{'neg': 0.286, 'neu': 0.526, 'pos': 0.188, 'compound': -0.3182}","I'm back on my bullshit, like Jordan on Pippen"
Tokyo Drifting,Glass Animals,2019.,tokyo,locations,"{'neg': 0.0, 'neu': 0.476, 'pos': 0.524, 'compound': 0.296}","Yeah, Tokyo driftin'"
First Off,Future,2019.,patek,brands,"{'neg': 0.0, 'neu': 1.0, 'pos': 0.0, 'compound': 0.0}","I put the Patek water on, but I got options (It's lit)"
First Off,Future,2019.,louis,brands,"{'neg': 0.0, 'neu': 1.0, 'pos': 0.0, 'compound': 0.0}","Louis V belts, Louis V on my walls (Yeah, yeah)"
First Off,Future,2019.,bugatti,brands,"{'neg': 0.0, 'neu': 1.0, 'pos': 0.0, 'compound': 0.0}","In a red Bugatti, gave it right to valet"
First Off,Future,2019.,nikes,brands,"{'neg': 0.104, 'neu': 0.896, 'pos': 0.0, 'compound': -0.1027}","Used to spend checks on my Nikes, now they pay me (Yeah, yeah)"
Writing on the Wall,French Montana,2019.,bimmer,brands,"{'neg': 0.188, 'neu': 0.594, 'pos': 0.218, 'compound': -0.1027}","Call my accountant, bought my bitch new Bimmer, she whip 7-Series, yeah (Ooh yeah, yeah)"
Writing on the Wall,French Montana,2019.,gucci,brands,"{'neg': 0.0, 'neu': 1.0, 'pos': 0.0, 'compound': 0.0}","Gucci, Fendi, Prada, Balenciaga, Margiela, ah"
Writing on the Wall,French Montana,2019.,fendi,brands,"{'neg': 0.0, 'neu': 1.0, 'pos': 0.0, 'compound': 0.0}","Gucci, Fendi, Prada, Balenciaga, Margiela, ah"
Writing on the Wall,French Montana,2019.,prada,brands,"{'neg': 0.0, 'neu': 1.0, 'pos': 0.0, 'compound': 0.0}","Gucci, Fendi, Prada, Balenciaga, Margiela, ah"
Writing on the Wall,French Montana,2019.,balenciaga,brands,"{'neg': 0.0, 'neu': 1.0, 'pos': 0.0, 'compound': 0.0}","Gucci, Fendi, Prada, Balenciaga, Margiela, ah"
Writing on the Wall,French Montana,2019.,montana,locations,"{'neg': 0.0, 'neu': 1.0, 'pos': 0.0, 'compound': 0.0}","All the millions make 'em horny, Montana"
Writing on the Wall,French Montana,2019.,bronx,locations,"{'neg': 0.0, 'neu': 0.784, 'pos': 0.216, 'compound': 0.296}","Cardi, we the hottest out the South Bronx, yeah"
Miami Vibe,Adriel Favela,2019.,rolls-royce,brands,"{'neg': 0.0, 'neu': 1.0, 'pos': 0.0, 'compound': 0.0}","Arriba de un Rolls-Royce, sereno así soy yo"
Miami Vibe,Adriel Favela,2019.,miami,locations,"{'neg': 0.0, 'neu': 1.0, 'pos': 0.0, 'compound': 0.0}","El  sol, arena y mar, es el Miami Vibe"
Miami Vibe,Adriel Favela,2019.,colombia,locations,"{'neg': 0.0, 'neu': 1.0, 'pos': 0.0, 'compound': 0.0}",También allá en Colombia donde colaboramos
molly,iann dior,2019.,beamer,brands,"{'neg': 0.0, 'neu': 1.0, 'pos': 0.0, 'compound': 0.0}","Beamer in the driveway (Yeah), park it in the driveway (Ooh)"
Tip Toe,Roddy Ricch,2019.,rollie,brands,"{'neg': 0.184, 'neu': 0.816, 'pos': 0.0, 'compound': -0.4019}","Rose gold Rollie, I'm the nigga put the whole damn hood on, huh"
Tip Toe,Roddy Ricch,2019.,patron,brands,"{'neg': 0.0, 'neu': 1.0, 'pos': 0.0, 'compound': 0.0}","Patron of the New, I had put the drip on"
Tip Toe,Roddy Ricch,2019.,patek,brands,"{'neg': 0.0, 'neu': 0.737, 'pos': 0.263, 'compound': 0.3612}",She looking at the Patek like some Skittles
Tip Toe,Roddy Ricch,2019.,balenciaga,brands,"{'neg': 0.538, 'neu': 0.462, 'pos': 0.0, 'compound': -0.5423}",Balenciaga wearin' ass nigga
Ti volevo dedicare,Rocco Hunt,2019.,coca cola,brands,"{'neg': 0.0, 'neu': 1.0, 'pos': 0.0, 'compound': 0.0}",Coca Cola e Malibu
Ti volevo dedicare,Rocco Hunt,2019.,malibu,locations,"{'neg': 0.0, 'neu': 1.0, 'pos': 0.0, 'compound': 0.0}",Coca Cola e Malibu
Se iluminaba,Fred De Palma,2019.,palma,locations,"{'neg': 0.0, 'neu': 1.0, 'pos': 0.0, 'compound': 0.0}",[Pre-Coro: Fred De Palma con Ana Mena]
