Title,Artist,Year,Entities
Watermelon Sugar,Harry Styles,2019.,"[[], []]"
Señorita,Shawn Mendes,2019.,"[[], ['miami']]"
Don't Start Now,Dua Lipa,2019.,"[[], []]"
bad guy,Billie Eilish,2019.,"[[], []]"
Circles,Post Malone,2019.,"[[], []]"
Cruel Summer,Taylor Swift,2019.,"[[], []]"
Before You Go,Lewis Capaldi,2019.,"[[], []]"
The Box,Roddy Ricch,2019.,"[['cadillac', 'rollie', 'patek'], []]"
when the party's over,Lewis Capaldi,2019.,"[[], []]"
I Don't Care,Ed Sheeran,2019.,"[[], []]"
LA CANCIÓN,J Balvin,2019.,"[['chanel'], []]"
Adore You,Harry Styles,2019.,"[[], []]"
Wow.,Post Malone,2019.,"[['lambo'], ['utah']]"
HIGHEST IN THE ROOM,Travis Scott,2019.,"[[], []]"
everything i wanted,Billie Eilish,2019.,"[[], []]"
Old Town Road,Lil Nas X,2019.,"[['porsche', 'gucci', 'wrangler'], []]"
Tusa,KAROL G,2019.,"[[], []]"
ROXANNE,Arizona Zervas,2019.,"[[], ['malibu', 'la']]"
Lover,Taylor Swift,2019.,"[[], []]"
Callaita,Bad Bunny,2019.,"[[], []]"
Sucker,Jonas Brothers,2019.,"[[], []]"
Beautiful People,Ed Sheeran,2019.,"[['lamborghinis', 'hummers'], ['l.a.']]"
Ransom,Lil Tecca,2019.,"[['glocks', 'chanel', 'balenciaga', 'louis', 'fendi', 'prada'], ['milan']]"
No Me Conoce,JHAYCO,2019.,"[['barbie'], []]"
Ride It,Regard,2019.,"[[], []]"
Con Calma,Daddy Yankee,2019.,"[[], []]"
Dancing With A Stranger,Sam Smith,2019.,"[[], []]"
MIDDLE CHILD,PnB Rock,2019.,"[['louis'], []]"
Under The Influence,Chris Brown,2019.,"[['gopro'], []]"
Goodbyes,Post Malone,2019.,"[['barbie'], []]"
Astronaut In The Ocean,Masked Wolf,2019.,"[[], []]"
Falling,Harry Styles,2019.,"[[], []]"
Say So,Doja Cat,2019.,"[[], []]"
Arcade,Duncan Laurence,2019.,"[[], []]"
China,Anuel AA,2019.,"[[], ['cartagena']]"
If the World Was Ending,JP Saxe,2019.,"[[], []]"
It's You,Ali Gatie,2019.,"[[], []]"
Breaking Me,Topic,2019.,"[[], []]"
Dior,Pop Smoke,2019.,"[['dior'], []]"
Streets,Doja Cat,2019.,"[[], ['paris']]"
"10,000 Hours",Dan + Shay,2019.,"[[], []]"
No Guidance,Chris Brown,2019.,"[['birkin'], []]"
If I Can't Have You,Shawn Mendes,2019.,"[[], ['toronto']]"
Don't Call Me Up,Mabel,2019.,"[[], []]"
bury a friend,Billie Eilish,2019.,"[[], []]"
X,Nicky Jam,2019.,"[[], []]"
Piece Of Your Heart,MEDUZA,2019.,"[[], []]"
Vete,Bad Bunny,2019.,"[['lou'], []]"
EARFQUAKE,"Tyler, The Creator",2019.,"[['tiffany'], []]"
Money In The Grave (Drake ft. Rick Ross),Drake,2019.,"[['zara', 'gucci', 'miller'], ['austin', 'nashville', 'georgia']]"
How Do You Sleep?,Sam Smith,2019.,"[[], []]"
Lalala,Y2K,2019.,"[['gucci'], ['canada']]"
Talk,Khalid,2019.,"[[], []]"
Soltera (Remix),Lunay,2019.,"[[], []]"
RITMO (Bad Boys For Life),Black Eyed Peas,2019.,"[['reebok', 'nike'], ['mexico']]"
Sunday Best,Surfaces,2019.,"[[], []]"
Higher Love,Kygo,2019.,"[[], []]"
You Need To Calm Down,Taylor Swift,2019.,"[[], []]"
i love you,Billie Eilish,2019.,"[[], []]"
Lose Control,MEDUZA,2019.,"[[], []]"
Bandit,Juice WRLD,2019.,"[[], []]"
ily (i love you baby),Surf Mesa,2019.,"[[], []]"
Golden,Harry Styles,2019.,"[[], []]"
Lost in the Fire,Gesaffelstein,2019.,"[[], []]"
Ballin',Mustard,2019.,"[['jeep', 'maybach', 'givenchy', 'bentayga'], ['london']]"
you should see me in a crown,Billie Eilish,2019.,"[[], []]"
Are You Bored Yet?,Wallows,2019.,"[[], []]"
double take,Dhruv,2019.,"[[""levi's""], []]"
Formula,Labrinth,2019.,"[[], []]"
ME!,Taylor Swift,2019.,"[[], []]"
Pop Out,Polo G,2019.,"[['rollie', 'glock'], ['cali']]"
love nwantiti (ah ah ah),CKay,2019.,"[[], []]"
Jealous,Eyedress,2019.,"[[], []]"
Kill This Love,BLACKPINK,2019.,"[[], []]"
Loco Contigo,DJ Snake,2019.,"[[], []]"
BOP,DaBaby,2019.,"[[], ['cali']]"
Those Eyes,New West,2019.,"[[], []]"
boyfriend,Ariana Grande,2019.,"[[], []]"
QUE PRETENDES,J Balvin,2019.,"[[], []]"
Hold Me While You Wait,Lewis Capaldi,2019.,"[[], []]"
All I Want,Olivia Rodrigo,2019.,"[[], []]"
wish you were gay,Billie Eilish,2019.,"[[], []]"
The Man,Taylor Swift,2019.,"[[], ['saint-tropez']]"
Moral of the Story,Ashe,2019.,"[[], []]"
Con Altura,ROSALÍA,2019.,"[['panamera'], []]"
South of the Border,Ed Sheeran,2019.,"[['lamborghini'], ['jordan']]"
Hate Me,Ellie Goulding,2019.,"[[], []]"
SOS,Avicii,2019.,"[[], []]"
Secreto,Anuel AA,2019.,"[[], []]"
Tal Vez,Paulo Londra,2019.,"[[], []]"
Sofia,Clairo,2019.,"[[], []]"
What A Time,Julia Michaels,2019.,"[[], []]"
Cradles,Sub Urban,2019.,"[[], []]"
Panini,Lil Nas X,2019.,"[['benz'], []]"
F.N,Lil Tjay,2019.,"[['cartier'], []]"
The London,Young Thug,2019.,"[[""lamb'"", 'dodge'], ['london']]"
Pure Water,Mustard,2019.,"[['celine'], ['canada']]"
11:00 PM,Maluma,2019.,"[['supreme', 'miller'], ['tennessee', 'washington', 'virginia']]"
Adicto,Tainy,2019.,"[['lambo', 'valentino'], []]"
Pa Mí,Dalex,2019.,"[['balenciaga'], []]"
OUT WEST,JACKBOYS,2019.,"[[], []]"
Hola,Dalex,2019.,"[[], []]"
Me Niego,Reik,2019.,"[[], []]"
My Oh My,Camila Cabello,2019.,"[['bimmer'], []]"
Doin' Time,Lana Del Rey,2019.,"[[], []]"
YKWIM?,Yot Club,2019.,"[[], []]"
Teeth,5 Seconds of Summer,2019.,"[[], []]"
Otro Trago,Sech,2019.,"[[], []]"
ORANGE SODA,Baby Keem,2019.,"[[], []]"
Never Really Over,Katy Perry,2019.,"[[], []]"
On My Way,Alan Walker,2019.,"[[], []]"
Here With Me,Marshmello,2019.,"[[], []]"
Lights Up,Harry Styles,2019.,"[[], []]"
Still Don't Know My Name,Labrinth,2019.,"[[], []]"
Giant,Calvin Harris,2019.,"[[], []]"
Fantasias,Rauw Alejandro,2019.,"[[], ['rome', 'miami']]"
All Around The World (La La La),R3HAB,2019.,"[[], []]"
Paper Rings,Taylor Swift,2019.,"[[], []]"
A Mí,Rels B,2019.,"[[], []]"
Summer Days,Martin Garrix,2019.,"[[], []]"
Suge,DaBaby,2019.,"[['glock'], []]"
all the good girls go to hell,Billie Eilish,2019.,"[[], ['california']]"
This City,Sam Fischer,2019.,"[[], []]"
NEW MAGIC WAND,"Tyler, The Creator",2019.,"[[], []]"
Takeaway,The Chainsmokers,2019.,"[[], []]"
Take What You Want,Post Malone,2019.,"[[], []]"
Mount Everest,Labrinth,2019.,"[[], ['dubai']]"
Rescue Me,OneRepublic,2019.,"[[], []]"
Sanctuary,Joji,2019.,"[[], []]"
"Alone, Pt. II",Alan Walker,2019.,"[[], []]"
HP,Maluma,2019.,"[[], []]"
Mary On A Cross,Ghost,2019.,"[[], []]"
Call You Mine,The Chainsmokers,2019.,"[[], []]"
Car's Outside,James Arthur,2019.,"[[], []]"
Can I Call You Tonight?,Dayglow,2019.,"[[], []]"
El Efecto,Rauw Alejandro,2019.,"[[], []]"
夜に駆ける,YOASOBI,2019.,"[[], []]"
Tutu,Camilo,2019.,"[[], []]"
The Search,NF,2019.,"[[], []]"
I.F.L.Y.,Bazzi,2019.,"[['champion'], []]"
Paradise,Bazzi,2019.,"[[], []]"
Nights Like This,Kehlani,2019.,"[[], []]"
Post Malone,Sam Feldt,2019.,"[['bacardi', 'ferrari'], []]"
Dancing With Your Ghost,Sasha Alex Sloan,2019.,"[[], []]"
Sigues Con El,Arcángel,2019.,"[[], []]"
Beer Never Broke My Heart,Luke Combs,2019.,"[[], []]"
Un Año,Sebastian Yatra,2019.,"[[], []]"
Suicidal,YNW Melly,2019.,"[['hennessy'], []]"
"Yo x Ti, Tu x Mi",ROSALÍA,2019.,"[[], []]"
So Am I,Ava Max,2019.,"[['harley'], []]"
Genius,Sia,2019.,"[[], []]"
UN PESO,J Balvin,2019.,"[[], []]"
you were good to me,Jeremy Zucker,2019.,"[[], []]"
Hollywood's Bleeding,Post Malone,2019.,"[[], []]"
Heading South,Zach Bryan,2019.,"[[], []]"
Make You Mine,PUBLIC,2019.,"[[], []]"
Please Me,Cardi B,2019.,"[[], []]"
listen before i go,Billie Eilish,2019.,"[[], []]"
Thunderclouds,Sia,2019.,"[[], []]"
Love Me,Lil Tecca,2019.,"[[], []]"
Cinnamon Girl,Lana Del Rey,2019.,"[[], []]"
Verte Ir,DJ Luian,2019.,"[[], ['colombia']]"
Location,Dave,2019.,"[['benz', 'off-white'], ['india']]"
Shameless,Camila Cabello,2019.,"[[], []]"
One Thing Right,Marshmello,2019.,"[[], []]"
Te Robaré,Nicky Jam,2019.,"[[], []]"
Who Do You Love,The Chainsmokers,2019.,"[['fendi'], []]"
Camelot,NLE Choppa,2019.,"[[], ['kingston', 'batman']]"
High Fashion,Roddy Ricch,2019.,"[['benz', 'prada', 'patek'], []]"
All For Us,Labrinth,2019.,"[[], []]"
rises the moon,Liana Flores,2019.,"[[], []]"
De Los Besos Que Te Di,Christian Nodal,2019.,"[[], []]"
Trampoline,SHAED,2019.,"[[], []]"
Juice,Lizzo,2019.,"[['louis'], []]"
Harleys In Hawaii,Katy Perry,2019.,"[['harleys'], ['hawaii']]"
Homicide,Logic,2019.,"[['rover', 'ford', 'porsche'], []]"
Baby (Lil Baby feat. DaBaby),Quality Control,2019.,"[[], []]"
Falling Like The Stars,James Arthur,2019.,"[[], []]"
Heart To Heart,Mac DeMarco,2019.,"[['miller'], []]"
Don't Give Up On Me,Andy Grammer,2019.,"[[], []]"
Si Se Da,Myke Towers,2019.,"[[], ['montana']]"
Let Me Know (I Wonder Why Freestyle),Juice WRLD,2019.,"[[], []]"
my strange addiction,Billie Eilish,2019.,"[[], []]"
Like That,Doja Cat,2019.,"[['gucci', 'off-white'], ['rome']]"
Only Human,Jonas Brothers,2019.,"[[], []]"
SUGAR,BROCKHAMPTON,2019.,"[[], ['jordan', 'texas']]"
Fine Line,Harry Styles,2019.,"[[], []]"
Amigos Con Derechos,Reik,2019.,"[[], []]"
Si Te Pudiera Mentir,Calibre 50,2019.,"[[], []]"
Love Songs,Kaash Paige,2019.,"[[], []]"
Bubble Gum,Clairo,2019.,"[[], []]"
Shotta Flow,NLE Choppa,2019.,"[[], ['mexico', 'philly',]]"
I Think I'm OKAY,mgk,2019.,"[[], ['california']]"
Love Is Gone,SLANDER,2019.,"[[], []]"
Liar,Camila Cabello,2019.,"[[], []]"
223's,YNW Melly,2019.,"[['glocks', 'google'], []]"
lonely,Lauv,2019.,"[[], []]"
FANCY,TWICE,2019.,"[[], []]"
Sanguine Paradise,Lil Uzi Vert,2019.,"[[], ['montana']]"
ARE WE STILL FRIENDS?,"Tyler, The Creator",2019.,"[[], []]"
Pluto Projector,Rex Orange County,2019.,"[[], []]"
Baila Baila Baila,Ozuna,2019.,"[[], []]"
Psycho,Red Velvet,2019.,"[[], []]"
Deutschland,Rammstein,2019.,"[[], []]"
xanny,Billie Eilish,2019.,"[['coke', 'uber'], []]"
Cover Me Up,Morgan Wallen,2019.,"[[], ['richmond']]"
lowkey,NIKI,2019.,"[[], []]"
The Bones,Maren Morris,2019.,"[[], []]"
One Man Band,Old Dominion,2019.,"[[], []]"
Saint-Tropez,Post Malone,2019.,"[['versace'], ['saint-tropez']]"
Quizas,Rich Music LTD,2019.,"[[], ['jordan']]"
HONEST,Baby Keem,2019.,"[['toyota'], []]"
Playing Games,Summer Walker,2019.,"[[], ['paris', 'london']]"
In My Room,Frank Ocean,2019.,"[[], []]"
To the Bone,Pamungkas,2019.,"[[], []]"
VALENTINO,24kGoldn,2019.,"[['valentino', 'gucci'], []]"
Could've Been,H.E.R.,2019.,"[[], []]"
Enemies,Post Malone,2019.,"[[], []]"
Did It Again,Lil Tecca,2019.,"[['benz'], ['france', 'japan']]"
Que Mas Pues,Sech,2019.,"[[], ['medellín']]"
Almost (Sweet Music),Hozier,2019.,"[[], []]"
Me la Avente,Carin Leon,2019.,"[[], []]"
Hot (Remix) [feat. Gunna and Travis Scott],Young Thug,2019.,"[['nike', 'patek', 'cartier', 'chanel', 'birkin', 'maybach', 'adderall', 'sprite', 'bentley', 'wrangler'], ['canada', 'paris']]"
紅蓮華,LiSA,2019.,"[[], []]"
Ritual,Tiësto,2019.,"[[], []]"
Amor Tumbado,Natanael Cano,2019.,"[[], []]"
ilomilo,Billie Eilish,2019.,"[[], []]"
VIBEZ,DaBaby,2019.,"[['bacardi', 'louis'], []]"
Walk Me Home,P!nk,2019.,"[[], []]"
Yo Ya No Vuelvo Contigo,Lenin Ramírez,2019.,"[[], []]"
Mixed Personalities,YNW Melly,2019.,"[['adderall', 'glock'], ['bahamas']]"
Sex Sounds,Lil Tjay,2019.,"[[], []]"
Woah,Lil Baby,2019.,"[['birkin'], []]"
Stuck In A Dream,Lil Mosey,2019.,"[['celine', 'porsche', 'patek'], ['seattle', 'milan']]"
Follow God,Kanye West,2019.,"[[], []]"
GATTI,JACKBOYS,2019.,"[['bugatti', 'louis', 'chanel'], []]"
Rules,Doja Cat,2019.,"[[], ['austin']]"
Ayy Macarena,Tyga,2019.,"[[], []]"
"GONE, GONE / THANK YOU","Tyler, The Creator",2019.,"[[], []]"
Cuaderno,Dalex,2019.,"[['google'], []]"
Half A Man,Dean Lewis,2019.,"[[], []]"
Daylight,Taylor Swift,2019.,"[[], []]"
Make No Sense,YoungBoy Never Broke Again,2019.,"[['gucci'], []]"
Roller,Apache 207,2019.,"[['barbie'], ['kawasaki']]"
Ella,Junior H,2019.,"[[], []]"
The Archer,Taylor Swift,2019.,"[[], []]"
Power Over Me,Dermot Kennedy,2019.,"[[], []]"
Surrender,Natalie Taylor,2019.,"[[], []]"
CITY OF ANGELS,24kGoldn,2019.,"[['hennessy'], []]"
I,Lil Skies,2019.,"[[], []]"
Cheating on You,Charlie Puth,2019.,"[[], []]"
I Hope,Gabby Barrett,2019.,"[[], []]"
PORFA,Feid,2019.,"[[], []]"
Turn Me On,Riton,2019.,"[[], []]"
Piensan,Haze,2019.,"[[], []]"
Miss Americana & The Heartbreak Prince,Taylor Swift,2019.,"[[], []]"
Trust Issues,Drake,2019.,"[[], []]"
white tee,Lil Peep,2019.,"[['gucci'], []]"
My Type,Saweetie,2019.,"[['hennessy', 'lamborghini'], []]"
Simple,Florida Georgia Line,2019.,"[[], []]"
Vámonos a Marte,Kevin Kaarl,2019.,"[[], []]"
Cross Me,Ed Sheeran,2019.,"[[], []]"
moment,Vierre Cloud,2019.,"[[], []]"
Like I Want You,Giveon,2019.,"[[], []]"
All Your'n,Tyler Childers,2019.,"[[], []]"
Never Seen the Rain,Tones And I,2019.,"[[], []]"
Afterglow,Taylor Swift,2019.,"[[], []]"
Hot,Young Thug,2019.,"[['nike', 'patek','cartier', 'birkins', 'maybach', 'birkin', 'sprite', 'bentley', 'cayenne', 'cartiers', 'wrangler', 'chanel'], ['canada']]"
Salt,Ava Max,2019.,"[['laurent'], []]"
Let Go,Aaron May,2019.,"[[], []]"
Indeciso,Reik,2019.,"[['chanel'], []]"
HASTA ABAJO,KEVIN ROLDAN,2019.,"[[], ['medellín', 'milwaukee']]"
San Lucas,Kevin Kaarl,2019.,"[[], []]"
Isis,Joyner Lucas,2019.,"[['bentley', 'louis'], []]"
Jangueo,Alex Rose,2019.,"[[], []]"
Motivation,Normani,2019.,"[[], []]"
Que Tire Pa Lante,Daddy Yankee,2019.,"[['ferrari'], ['rome']]"
God's Country,Blake Shelton,2019.,"[[], ['georgia']]"
emotions,iann dior,2019.,"[[], []]"
Don’t Call Me Angel (Charlie’s Angels),Ariana Grande,2019.,"[[], []]"
Nothing,Bruno Major,2019.,"[[], []]"
All Of The Girls You Loved Before,Taylor Swift,2019.,"[[], []]"
Kemba Walker,Eladio Carrion,2019.,"[['louis', 'lambo'], ['houston', 'hamilton', 'connecticut']]"
"Tujhe Kitna Chahne Lage (From ""Kabir Singh"")",Arijit Singh,2019.,"[[], []]"
Better Together,Luke Combs,2019.,"[['coke'], []]"
Contra La Pared,Sean Paul,2019.,"[[], []]"
Feel Special,TWICE,2019.,"[[], []]"
Mariposa,Peach Tree Rascals,2019.,"[[], []]"
Vossi Bop,Stormzy,2019.,"[[], ['dubai', 'london']]"
Popular Monster,Falling In Reverse,2019.,"[[], []]"
Djadja,Aya Nakamura,2019.,"[[], []]"
The Grinch,Trippie Redd,2019.,"[[], []]"
Graduation,benny blanco,2019.,"[[], []]"
Pump It Up,Endor,2019.,"[[], []]"
When I Grow Up,NF,2019.,"[[], []]"
Colapso,Kevin Kaarl,2019.,"[[], []]"
Under The Sun,Dreamville,2019.,"[['ford', 'glock'], []]"
LOVE SCENARIO,iKON,2019.,"[[], []]"
Through Da Storm,Polo G,2019.,"[['gucci'], ['cali']]"
Amor A Primera Vista,Los Ángeles Azules,2019.,"[[], []]"
Own It,Stormzy,2019.,"[[], []]"
Slide Away,Miley Cyrus,2019.,"[[], []]"
Tek It,Cafuné,2019.,"[[], []]"
Hell N Back,Bakar,2019.,"[[], []]"
Liberdade Provisória,Henrique & Juliano,2019.,"[[], []]"
Mala Fama,Danna Paola,2019.,"[[], []]"
The Git Up,Blanco Brown,2019.,"[[], []]"
Cherry,Harry Styles,2019.,"[[], []]"
La Mejor Versión de Mi,NATTI NATASHA,2019.,"[[], []]"
I Forgot That You Existed,Taylor Swift,2019.,"[[], []]"
Worth It,YK Osiris,2019.,"[[], []]"
Debo Entender,Santa Fe Klan,2019.,"[[], []]"
Die For Me,Post Malone,2019.,"[[], []]"
A Whole New World (End Title),ZAYN,2019.,"[[], []]"
Cornelia Street,Taylor Swift,2019.,"[[], []]"
Nice To Meet Ya,Niall Horan,2019.,"[[], []]"
parents,YUNGBLUD,2019.,"[[], []]"
La Cintura,Alvaro Soler,2019.,"[[], []]"
London Boy,Taylor Swift,2019.,"[['louis'], ['london', 'tennessee']]"
She,Harry Styles,2019.,"[[], []]"
Happiness is a butterfly,Lana Del Rey,2019.,"[[], []]"
Tia Tamera,Doja Cat,2019.,"[['nokia'], []]"
"Kaise Hua (From ""Kabir Singh"")",Vishal Mishra,2019.,"[[], []]"
Forever,ilyTOMMY,2019.,"[[], []]"
Baguettes in the Face,Mustard,2019.,"[['louis'], []]"
Futsal Shuffle 2020,Lil Uzi Vert,2019.,"[['prada'], []]"
Monster,LUM!X,2019.,"[[], []]"
Si Te Vas,Sech,2019.,"[[], []]"
La Boca,Mau y Ricky,2019.,"[[], []]"
La Playa,Myke Towers,2019.,"[['lamborghini', 'lambo', 'cartier'], ['usa', 'orlando']]"
Outnumbered,Dermot Kennedy,2019.,"[[], []]"
Whine Up,Nicky Jam,2019.,"[[], []]"
Kilby Girl,The Backseat Lovers,2019.,"[[], []]"
Mikrokosmos,BTS,2019.,"[[], []]"
Bags,Clairo,2019.,"[[], []]"
Yellow Hearts,Ant Saunders,2019.,"[[], []]"
bad vibes forever,XXXTENTACION,2019.,"[[], []]"
インフェルノ,Mrs. GREEN APPLE,2019.,"[[], []]"
bad idea!,girl in red,2019.,"[[], []]"
Heart On Ice,Rod Wave,2019.,"[[], []]"
Disfruto Lo Malo,Junior H,2019.,"[[], ['tijuana']]"
Ocean,KAROL G,2019.,"[[], []]"
Mírame,Nio Garcia,2019.,"[['cayenne'], []]"
Selamat (Selamat Tinggal),Virgoun,2019.,"[[], []]"
Be Honest,Jorja Smith,2019.,"[[], []]"
Goteo,Duki,2019.,"[['rolex', 'cartier', 'gucci', 'nike', 'patek'], ['madrid']]"
Iko Iko (My Bestie),Justin Wellington,2019.,"[[], []]"
All Day And Night,Jax Jones,2019.,"[[], []]"
gone girl,iann dior,2019.,"[[], []]"
Mad Love,Mabel,2019.,"[[], []]"
Cristina,Maffio,2019.,"[[], []]"
Loco,Beéle,2019.,"[[], []]"
HOME,BTS,2019.,"[[], []]"
Sixteen,Ellie Goulding,2019.,"[[], []]"
Contando Lunares,Don Patricio,2019.,"[['coca-cola'], []]"
"Dreams, Fairytales, Fantasies",A$AP Ferg,2019.,"[['lambo', 'celine', 'burberry', 'chanel'], ['jamaica']]"
Infeliz,Arcángel,2019.,"[[], ['madrid']]"
Te Ire A Buscar,Santa Fe Klan,2019.,"[[], []]"
Easy,Camila Cabello,2019.,"[[], []]"
Si Supieras,Kevin Kaarl,2019.,"[[], []]"
Painkiller,Ruel,2019.,"[[], []]"
Blanco,J Balvin,2019.,"[[], ['medellín']]"
Make It Right,BTS,2019.,"[[], []]"
8,Billie Eilish,2019.,"[[], []]"
Heaven,Avicii,2019.,"[[], []]"
Mother's Daughter,Miley Cyrus,2019.,"[[], []]"
In The End,Tommee Profitt,2019.,"[[], []]"
Aventura,Lunay,2019.,"[[], []]"
The Take,Tory Lanez,2019.,"[[], []]"
Rodeo,Lil Nas X,2019.,"[[], []]"
Norman fucking Rockwell,Lana Del Rey,2019.,"[[], []]"
Clout,Offset,2019.,"[['jeep', 'lambo'], ['miami']]"
Loverboy,A-Wall,2019.,"[[], []]"
Tom's Diner,AnnenMayKantereit,2019.,"[[], []]"
Por Eso Vine,Paulo Londra,2019.,"[[], []]"
Bellaquita (Remix),Dalex,2019.,"[[], ['van']]"
"Sunflower, Vol. 6",Harry Styles,2019.,"[[], []]"
i met sarah in the bathroom,awfultune,2019.,"[[], []]"
Big Plans,Why Don't We,2019.,"[[], []]"
I THINK,"Tyler, The Creator",2019.,"[[], []]"
What Am I,Why Don't We,2019.,"[[], []]"
What I Like About You,Jonas Blue,2019.,"[[], []]"
This Bar,Morgan Wallen,2019.,"[[], []]"
Unsainted,Slipknot,2019.,"[[], []]"
"Duniyaa (From ""Luka Chuppi"")",Akhil,2019.,"[[], []]"
Don't Know What To Do,BLACKPINK,2019.,"[[], []]"
On The Road,Post Malone,2019.,"[[], []]"
Teacher's Pet,Melanie Martinez,2019.,"[[], []]"
Death By A Thousand Cuts,Taylor Swift,2019.,"[[], []]"
Juliet,Cavetown,2019.,"[[], []]"
Audio,Sia,2019.,"[[], ['hiroshima']]"
Dream Girl,Ir Sais,2019.,"[[], []]"
Project Dreams,Marshmello,2019.,"[['louis', 'fiji', 'rollie', 'patek'], ['atlanta']]"
Bad Bad Bad,Young Thug,2019.,"[['chanel', 'diors', 'jeep', 'patek'], ['kawasaki']]"
Vas,jagger finn,2019.,"[[], []]"
On My Mind,Diplo,2019.,"[[], []]"
Swing,Danny Ocean,2019.,"[[], []]"
What You Heard,Sonder,2019.,"[[], []]"
Lover (Remix) [feat. Shawn Mendes],Taylor Swift,2019.,"[['benz', 'nokia', 'balenciaga', 'lou'], ['florida', 'georgia', 'jordan', 'nyc', 'tokyo', 'queens', 'austin']]"
Chosen 1,Polo G,2019.,"[[], []]"
Esclavo de Tus Besos,Manuel Turizo,2019.,"[[], []]"
prom dress,mxmtoon,2019.,"[[], []]"
On the Low,Burna Boy,2019.,"[[], []]"
Cooler Than Me,Lucky Luke,2019.,"[[], []]"
feel something,Bea Miller,2019.,"[[], []]"
Supera,Marília Mendonça,2019.,"[[], []]"
Nightmare,Halsey,2019.,"[[], []]"
"Crazy Story, Pt. 3",King Von,2019.,"[['glocks', 'glock', 'porsche'], []]"
Phone Numbers,Dominic Fike,2019.,"[['tiffany'], ['florida', 'la']]"
GOODMORNINGTOKYO!,TOKYO’S REVENGE,2019.,"[['google'], ['tokyo']]"
I Think He Knows,Taylor Swift,2019.,"[[], []]"
Wrong,Luh Kel,2019.,"[['rollie'], []]"
Destino,Greeicy,2019.,"[[], []]"
Put A Little Love On Me,Niall Horan,2019.,"[[], []]"
Candy,mgk,2019.,"[[], []]"
Rumah Ke Rumah,Hindia,2019.,"[[], []]"
Escápate Conmigo,Wolfine,2019.,"[['apple'], []]"
Best Part of Me,Ed Sheeran,2019.,"[[], []]"
Looking at Me,Sabrina Carpenter,2019.,"[[], []]"
Leaked,Lil Tjay,2019.,"[['gucci', 'lou', 'sony', 'birkin'], ['cali']]"
Hot Girl Summer,Megan Thee Stallion,2019.,"[['barbie'], []]"
Evaluasi,Hindia,2019.,"[[], []]"
Velitas,Darell,2019.,"[['gucci', 'balenciaga', 'dior'], []]"
Dionysus,BTS,2019.,"[[], []]"
HIP,MAMAMOO,2019.,"[[], []]"
Welcome To The Party,Pop Smoke,2019.,"[[], ['manhattan']]"
Knockin' Boots,Luke Bryan,2019.,"[[], []]"
Time,Free Nationals,2019.,"[[], []]"
Knock Knock,SoFaygo,2019.,"[['tesla'], []]"
Hot Rod,Dayglow,2019.,"[[], []]"
Cash Shit,Megan Thee Stallion,2019.,"[['louis', 'gucci'], []]"
Runaway,Sebastian Yatra,2019.,"[[], []]"
Immortal,21 Savage,2019.,"[['glock', 'ak'], []]"
Splashin,Rich The Kid,2019.,"[['gucci', 'fendi', 'off-white', 'benz'], []]"
Simplemente Gracias,Calibre 50,2019.,"[[], []]"
Runnin' Down A Dream,Tom Petty,2019.,"[[], []]"
You & Me,James TW,2019.,"[[], []]"
La vie qu'on mène,Ninho,2019.,"[[], ['seychelles']]"
Porno,Rich Music LTD,2019.,"[['moschino'], []]"
No One Compares To You,Jack & Jack,2019.,"[[], []]"
Antisocial,Ed Sheeran,2019.,"[[], []]"
Good Thing,Zedd,2019.,"[[], []]"
Bebi Liguei,Marília Mendonça,2019.,"[[], []]"
Peer Pressure,James Bay,2019.,"[[], []]"
Keanu Reeves,Logic,2019.,"[[], []]"
Even Though I'm Leaving,Luke Combs,2019.,"[[], []]"
El Amor de Mi Vida,La Adictiva,2019.,"[[], []]"
Heartless,Polo G,2019.,"[[], ['chi']]"
El Circo,El Fantasma,2019.,"[[], []]"
Some Say,Nea,2019.,"[[], []]"
Rehab (Winter In Paris),Brent Faiyaz,2019.,"[[], []]"
To Be So Lonely,Harry Styles,2019.,"[[], []]"
LOYAL,PARTYNEXTDOOR,2019.,"[[], []]"
Look What God Gave Her,Thomas Rhett,2019.,"[['corona'], []]"
Play,K-391,2019.,"[[], []]"
Briga Feia,Henrique & Juliano,2019.,"[[], []]"
RUNNING OUT OF TIME,"Tyler, The Creator",2019.,"[[], []]"
July,Noah Cyrus,2019.,"[[], []]"
Come Thru,Summer Walker,2019.,"[[], ['london']]"
Love Me Less,MAX,2019.,"[[], []]"
Cyber Sex,Doja Cat,2019.,"[['samsung'], []]"
goodbye,Billie Eilish,2019.,"[[], []]"
Khairiyat,Pritam,2019.,"[['aks'], []]"
Te Quemaste,Manuel Turizo,2019.,"[[], []]"
Secukupnya,Hindia,2019.,"[[], []]"
Ciumeira,Marília Mendonça,2019.,"[[], []]"
Ladbroke Grove,AJ Tracey,2019.,"[['rover'], []]"
Pretender,OFFICIAL HIGE DANDISM,2019.,"[[], []]"
El Doctor,Grupo Marca Registrada,2019.,"[['glock'], ['tijuana']]"
Up All Night,Khalid,2019.,"[[], []]"
365,Zedd,2019.,"[[], []]"
False God,Taylor Swift,2019.,"[[], []]"
STUPID,Ashnikko,2019.,"[[], []]"
DALLA DALLA,ITZY,2019.,"[[], []]"
Outta My Head,Khalid,2019.,"[[], []]"
Bones,Galantis,2019.,"[[], []]"
Soldi,Mahmood,2019.,"[[], []]"
Vou Ter Que Superar,Matheus & Kauan,2019.,"[[], []]"
El de La Codeina,Natanael Cano,2019.,"[['diesel'], []]"
Ex Bitch,XXXTENTACION,2019.,"[[], []]"
Nobody,Martin Jensen,2019.,"[[], []]"
Summertime In Paris,Jaden,2019.,"[[], ['paris']]"
Light On,Maggie Rogers,2019.,"[[], []]"
Castles,Freya Ridings,2019.,"[[], []]"
Who Needs Love,Trippie Redd,2019.,"[['patek'], []]"
I've Been Waiting (w/ ILoveMakonnen & Fall Out Boy),Lil Peep,2019.,"[['gucci', 'apple'], ['nyc', 'beirut', 'florida', 'georgia', 'cairo', 'london', 'rome', 'nashville']]"
Vermissen,Juju,2019.,"[[], []]"
No Se Me Quita,Maluma,2019.,"[[], []]"
Would That I,Hozier,2019.,"[[], []]"
"Nicki Nicole: Bzrp Music Sessions, Vol. 13",Bizarrap,2019.,"[[], []]"
sex money feelings die,Lykke Li,2019.,"[[], []]"
Detente,Mike Bahía,2019.,"[[], []]"
The Good Ones,Gabby Barrett,2019.,"[[], []]"
Remember The Name,Ed Sheeran,2019.,"[['fendi', 'balenciaga'], ['tokyo', 'delaware']]"
Burbujas de Cristal,Cartel De Santa,2019.,"[['cristal'], []]"
Oye Pablo,Danna Paola,2019.,"[[], ['madrid']]"
False Confidence,Noah Kahan,2019.,"[[], []]"
I Love You 3000,Stephanie Poetri,2019.,"[[], []]"
CANGURO,WOS,2019.,"[[], []]"
Moulaga,Heuss L'enfoiré,2019.,"[['rolex'], []]"
A Thousand Bad Times,Post Malone,2019.,"[[], []]"
105 F Remix,KEVVO,2019.,"[['louis', 'pepsi'], ['austin', 'vegas', 'la']]"
S de Saudade,Luíza & Maurílio,2019.,"[[], []]"
When I R.I.P.,Labrinth,2019.,"[[], ['indiana']]"
100 Bad Days,AJR,2019.,"[[], []]"
Kingston,Faye Webster,2019.,"[[], ['kingston']]"
Jamais Vu,BTS,2019.,"[[], []]"
menina solta,GIULIA BE,2019.,"[[], []]"
COMO UN BEBÉ,J Balvin,2019.,"[[], []]"
Tap,NAV,2019.,"[['glock', 'uber', 'maybach'], ['london']]"
Boys,Lizzo,2019.,"[[], ['mississippi']]"
Good Things Fall Apart,ILLENIUM,2019.,"[[], []]"
Come Inside Of My Heart,IV Of Spades,2019.,"[[], []]"
Orphans,Coldplay,2019.,"[[], []]"
Giants,Dermot Kennedy,2019.,"[[], []]"
Find U Again,Mark Ronson,2019.,"[[], []]"
Cuerpo en Venta,Noriel,2019.,"[[], []]"
La La Land,Bryce Vine,2019.,"[[], ['california', 'cali']]"
Imagination,Foster The People,2019.,"[[], []]"
"1, 2 Many",Luke Combs,2019.,"[['millers'], []]"
Start Wit Me,Roddy Ricch,2019.,"[['givenchy', 'barbie', 'cartier', 'bentley', 'glock', 'arizona'], ['china', 'colombia', 'africa']]"
Remember When,Wallows,2019.,"[[], []]"
Mariners Apartment Complex,Lana Del Rey,2019.,"[[], []]"
Kenny G,Matuê,2019.,"[['hennessy'], []]"
Last Hurrah,Bebe Rexha,2019.,"[[], []]"
Investe Em Mim,Jonas Esticado,2019.,"[[], []]"
Colors,Black Pumas,2019.,"[['pumas'], []]"
My Bad,Khalid,2019.,"[[], []]"
"Mere Sohneya (From ""Kabir Singh"")",Sachet Tandon,2019.,"[[], []]"
R.I.P.,Sofía Reyes,2019.,"[[], []]"
Slide,H.E.R.,2019.,"[['patek'], []]"
A Gente Fez Amor,Gusttavo Lima,2019.,"[[], ['lima']]"
AirplaneMode,BONES,2019.,"[[], []]"
Goin Baby,DaBaby,2019.,"[[], ['la']]"
Bola Rebola,Tropkillaz,2019.,"[['ferrari'], []]"
Aleluya,Reik,2019.,"[[], []]"
Take Me Back to London,Ed Sheeran,2019.,"[[], ['london', 'rome']]"
Vida Ventajosa,Los Dos Carnales,2019.,"[['glock', 'nike'], []]"
Fíjate Que Sí,Edwin Luna y La Trakalosa de Monterrey,2019.,"[[], []]"
7 Minutes,Dean Lewis,2019.,"[[], []]"
El Vals Del Olvido,Alfredo Olivas,2019.,"[[], []]"
Forever Alone,Paulo Londra,2019.,"[[], []]"
"Tera Ban Jaunga (From ""Kabir Singh"")",Akhil Sachdeva,2019.,"[[], []]"
A Dónde Vamos,Morat,2019.,"[[], ['madrid']]"
Fuck it I love you,Lana Del Rey,2019.,"[[], ['california']]"
Quarta Cadeira,Matheus & Kauan,2019.,"[[], []]"
Oye,TINI,2019.,"[[], []]"
Tijolão,Jorge & Mateus,2019.,"[['nokia'], []]"
Qué Pena,Maluma,2019.,"[[], ['colombia', 'medellín']]"
Fuck The World (Summer in London),Brent Faiyaz,2019.,"[[], ['london']]"
No Te Vayas,Camilo,2019.,"[[], []]"
I'm Gonna Be,Post Malone,2019.,"[['ford', 'crocs'], []]"
Pupila,ANAVITÓRIA,2019.,"[[], []]"
A BOY IS A GUN*,"Tyler, The Creator",2019.,"[[], []]"
Kung 'Di Rin Lang Ikaw,December Avenue,2019.,"[[], []]"
Canyon Moon,Harry Styles,2019.,"[[], ['paris', 'rome']]"
CYANIDE,Daniel Caesar,2019.,"[[], ['paris']]"
Pain,Josh A,2019.,"[[], []]"
Baby Sitter,DaBaby,2019.,"[['gucci', 'patek'], []]"
Finer Things,Polo G,2019.,"[['gucci'], []]"
No Lo Trates,Pitbull,2019.,"[[], []]"
In My Bed,Rotimi,2019.,"[[], []]"
Tra Tra Tra Remix,Ghetto Kids,2019.,"[[], []]"
Close Your Eyes,Felix Jaehn,2019.,"[[], []]"
Nada,Cazzu,2019.,"[[], []]"
Au DD,PNL,2019.,"[['gucci'], []]"
Movement,Hozier,2019.,"[[], []]"
Ausländer,Rammstein,2019.,"[[], []]"
High School Sweethearts,Melanie Martinez,2019.,"[[], []]"
Hola Señorita,GIMS,2019.,"[[], ['l.a.']]"
No Sleep,Martin Garrix,2019.,"[[], []]"
Costa Rica,Dreamville,2019.,"[['fendi', 'ak'], []]"
Lovin' On You,Luke Combs,2019.,"[['marlboro', 'miller', 'ford'], []]"
Earth,Lil Dicky,2019.,"[[], ['india', 'africa', 'germany', 'russia', 'asia']]"
Cool,Jonas Brothers,2019.,"[[], []]"
Todo Mundo Vai Sofrer,Marília Mendonça,2019.,"[[], []]"
Hold On,Lil Tjay,2019.,"[['porsche'], []]"
RNP,Cordae,2019.,"[['chanel', 'listerine', 'ferraris'], ['europe']]"
Lights,BTS,2019.,"[[], []]"
Behind Barz,Drake,2019.,"[['versace'], ['milan']]"
Perreo en La Luna,Rich Music LTD,2019.,"[[], []]"
Ghost,Confetti,2019.,"[[], []]"
N Side,Steve Lacy,2019.,"[[], []]"
Don't Rush,Young T & Bugsey,2019.,"[['diesel', 'benz', 'nikes', 'gucci'], []]"
if we never met,John K,2019.,"[[], []]"
Staring At The Sun,Post Malone,2019.,"[[], []]"
Hot Shower,Chance the Rapper,2019.,"[['louis', 'off-white', 'dior', 'sprite', 'glock'], ['america']]"
Bellacoso,Residente,2019.,"[['nokia'], ['trujillo']]"
Cheirosa,Jorge & Mateus,2019.,"[[], []]"
MELÓN VINO,WOS,2019.,"[[], []]"
Amor de Fim de Noite,Orochi,2019.,"[[], []]"
Harder,Jax Jones,2019.,"[[], []]"
Bellaquita,Dalex,2019.,"[[], []]"
Solo Pienso En Ti,Paulo Londra,2019.,"[[], []]"
11 Minutes,YUNGBLUD,2019.,"[[], []]"
Mi Persona Favorita,Alejandro Sanz,2019.,"[[], []]"
Pehla Pyaar,Vishal Mishra,2019.,"[[], []]"
SIN MIRAR LAS SEÑALES,Rels B,2019.,"[[], []]"
"Bekhayali (From ""Kabir Singh"")",Sachet Tandon,2019.,"[[], []]"
Ferida Curada,Zé Neto & Cristiano,2019.,"[[], []]"
God Is A Dancer,Tiësto,2019.,"[[], []]"
Phases,PRETTYMUCH,2019.,"[[], ['austin']]"
Shouldn't Be,Luke Chiang,2019.,"[[], []]"
"Aleman: Bzrp Music Sessions, Vol. 15",Bizarrap,2019.,"[[], []]"
Better When You're Gone,David Guetta,2019.,"[[], []]"
200 km/h,Apache 207,2019.,"[[], []]"
You Little Beauty,FISHER,2019.,"[[], []]"
6locc 6a6y,Lil Loaded,2019.,"[['glock', 'nikes'], []]"
Say Love,James TW,2019.,"[[], []]"
All You Need To Know,Gryffin,2019.,"[[], []]"
Una Vida Para Recordar,Piso 21,2019.,"[[], []]"
Un Suspiró,JR Torres,2019.,"[[], []]"
Peach,Kevin Abstract,2019.,"[[], ['atlanta']]"
Big Gangsta,Kevin Gates,2019.,"[['honda'], ['paris']]"
La La Lost You,NIKI,2019.,"[[], ['malibu', 'brooklyn']]"
Treat People With Kindness,Harry Styles,2019.,"[[], []]"
Born For This,The Score,2019.,"[[], []]"
Never Go Back,Dennis Lloyd,2019.,"[[], []]"
Asmalibrasi,Soegi Bornean,2019.,"[[], ['asmara']]"
WHAT TO DO?,JACKBOYS,2019.,"[[], []]"
Glitter,BENEE,2019.,"[[], []]"
白日,King Gnu,2019.,"[[], []]"
Solita,Sech,2019.,"[[], []]"
Caballero,Alejandro Fernández,2019.,"[[], []]"
Babushka Boi,A$AP Rocky,2019.,"[['bentleys', 'prada'], []]"
Es Que Me Gustas,Los 2 de la S,2019.,"[[], []]"
El Amor No Fue Pa´ Mí,Grupo Firme,2019.,"[[], []]"
Pretty Heart,Parker McCollum,2019.,"[[], ['austin']]"
Slow Dance,AJ Mitchell,2019.,"[[], []]"
Talk You Out Of It,Florida Georgia Line,2019.,"[[], []]"
Good as You,Kane Brown,2019.,"[[], []]"
Tá Rocheda,Os Barões Da Pisadinha,2019.,"[[], []]"
6 Kiss,Trippie Redd,2019.,"[[], []]"
Like It's Christmas,Jonas Brothers,2019.,"[[], []]"
Daddy,Blueface,2019.,"[['louis', 'gucci', 'fendi', 'prada', 'balenciaga', 'fendis', 'chanel', 'honda'], []]"
Death,Trippie Redd,2019.,"[[], []]"
Pagtingin,Ben&Ben,2019.,"[[], []]"
Chicken Noodle Soup,j-hope,2019.,"[[], []]"
Bossa No Sé,Cuco,2019.,"[[], []]"
El Buho,Luis R Conriquez,2019.,"[[], ['tijuana']]"
Sa Ngalan Ng Pag-Ibig,December Avenue,2019.,"[[], []]"
Racks in the Middle,Nipsey Hussle,2019.,"[['maybach', 'patek', 'lambo', 'dior', 'puma'], ['vegas']]"
Phoenix,League of Legends,2019.,"[[], ['phoenix']]"
Radio,Rammstein,2019.,"[[], []]"
Power is Power,SZA,2019.,"[[], []]"
Déjate Querer,Lalo Ebratt,2019.,"[[], ['miami']]"
GANG GANG,JACKBOYS,2019.,"[[], ['la']]"
Habit,Still Woozy,2019.,"[[], []]"
Dois Enganados,Murilo Huff,2019.,"[[], []]"
110,Capital Bra,2019.,"[[], []]"
MALA SANTA,Becky G,2019.,"[[], []]"
I Don't Belong In This Club,Why Don't We,2019.,"[['uber'], []]"
Red Room,Offset,2019.,"[['lamborghini'], ['brooklyn']]"
Hate Myself,NF,2019.,"[[], []]"
Enamórate De Alguien Más,Morat,2019.,"[[], []]"
I Wish Grandpas Never Died,Riley Green,2019.,"[['chevrolet'], ['birmingham']]"
Can We Pretend,P!nk,2019.,"[[], ['la']]"
Down To The Honkytonk,Jake Owen,2019.,"[[], []]"
Barzinho Aleatório,Zé Neto & Cristiano,2019.,"[[], []]"
Cada Vez Te Extraño Más,Grupo Firme,2019.,"[[], ['la']]"
How to disappear,Lana Del Rey,2019.,"[[], ['california']]"
Heartache Medication,Jon Pardi,2019.,"[[], []]"
Show & Tell,Melanie Martinez,2019.,"[[], []]"
Fire for You,Cannons,2019.,"[[], []]"
Another Life,Motionless In White,2019.,"[[], []]"
Atrévete,Nicky Jam,2019.,"[[], []]"
Que Le De,Rauw Alejandro,2019.,"[[], []]"
Got What I Got,Jason Aldean,2019.,"[[], []]"
MONOPOLY,Ariana Grande,2019.,"[[], []]"
Cha Cha,Freddie Dredd,2019.,"[[], []]"
Somebody,Internet Money,2019.,"[[], []]"
Body Back,Gryffin,2019.,"[[], []]"
Need Me,J.I the Prince of N.Y,2019.,"[[], []]"
Gaiola É o Troco,MC Du Black,2019.,"[[], []]"
Higa,Arthur Nery,2019.,"[[], []]"
fast,Sueco,2019.,"[['saks'], []]"
Seguimos Laborando,Grupo 360,2019.,"[['glock'], []]"
Undecided,Chris Brown,2019.,"[[], []]"
Canela,Nanpa Básico,2019.,"[[], []]"
Gitme,Dolu Kadehi Ters Tut,2019.,"[[], []]"
SENTADÃO,PEDRO SAMPAIO,2019.,"[[], []]"
Makhna,Yasser Desai,2019.,"[[], []]"
Resah Jadi Luka,Daun Jatuh,2019.,"[[], []]"
Sorry,Joel Corry,2019.,"[[], []]"
Serenata,Marília Mendonça,2019.,"[[], []]"
Clandestina,FILV,2019.,"[[], ['miami']]"
Future Nostalgia,Dua Lipa,2019.,"[[], []]"
hope is a dangerous thing for a woman like me to have,Lana Del Rey,2019.,"[[], []]"
Si Te Falta Alguien,Christian Nodal,2019.,"[[], []]"
Intro : Persona,BTS,2019.,"[[], []]"
Someone To Spend Time With,Los Retros,2019.,"[[], []]"
Used To Love,Martin Garrix,2019.,"[[], []]"
Pa Los Gustos Los Colores,Javiielo,2019.,"[[], []]"
Magic,Lil Skies,2019.,"[[], []]"
Christmas Tree Farm,Taylor Swift,2019.,"[[], []]"
Manda Áudio,Di Propósito,2019.,"[[], []]"
Mejor No Nos Vemos,Rels B,2019.,"[[], ['medellín']]"
Tempo,Lizzo,2019.,"[[], []]"
Tilidin,Capital Bra,2019.,"[['lambo', 'adidas', 'benz'], ['monaco']]"
HEAVEN AND BACK,Chase Atlantic,2019.,"[[], []]"
Scrawny,Wallows,2019.,"[[], []]"
+ (MÁS),Aitana,2019.,"[[], []]"
Won't Be Late,Swae Lee,2019.,"[[], []]"
Bluebird,Miranda Lambert,2019.,"[[], []]"
Una volta ancora,Fred De Palma,2019.,"[[], ['palma']]"
I Love...,OFFICIAL HIGE DANDISM,2019.,"[[], []]"
Várias Queixas,Gilsons,2019.,"[[], []]"
Imaginate,Rich Music LTD,2019.,"[['barbie'], []]"
I'll Kill You,Summer Walker,2019.,"[[], ['london']]"
Bonita,Juanes,2019.,"[[], ['colombia']]"
Allergic,Post Malone,2019.,"[[], []]"
Umaasa,Calein,2019.,"[[], []]"
Bittersweet Symphony,GAMPER & DADONI,2019.,"[[], []]"
Don't Check On Me,Chris Brown,2019.,"[[], []]"
How I Move,Flipp Dinero,2019.,"[['rollie', 'benz'], []]"
Mirándote,Rvfv,2019.,"[[], []]"
"Tum Hi Aana (From ""Marjaavaan"")",Payal Dev,2019.,"[[], []]"
Beer Can’t Fix,Thomas Rhett,2019.,"[[], []]"
Heat,Chris Brown,2019.,"[['celine', 'fendi', 'birkin', 'patek'], []]"
Sing It With Me,JP Cooper,2019.,"[[], []]"
Undrunk,FLETCHER,2019.,"[[], []]"
MOJAITA,J Balvin,2019.,"[['corona'], ['miami']]"
La Cartera,Farruko,2019.,"[['gucci', 'supreme', 'harley', 'louis', 'cartier'], ['jamaica']]"
Rebota,Guaynaa,2019.,"[[], []]"
Free Spirit,Khalid,2019.,"[[], []]"
Love Your Voice,JONY,2019.,"[[], []]"
On & On,Alok,2019.,"[[], []]"
Gbona,Burna Boy,2019.,"[[], []]"
Keisha & Becky,Russ Millions,2019.,"[[], ['cali', 'london']]"
Rayando el Sol,Maná,2019.,"[[], []]"
Unbelievable,Why Don't We,2019.,"[[], []]"
In The Party,Flo Milli,2019.,"[[], ['alabama']]"
Lottery (Renegade),K CAMP,2019.,"[['prada', 'laurent', 'givenchy', 'gucci'], []]"
No Quiero Amarte,Justin Quiles,2019.,"[[], []]"
2002,Sido,2019.,"[['bacardi'], ['essen']]"
9 and Three Quarters (Run Away),TOMORROW X TOGETHER,2019.,"[[], ['van', 'montana', 'santos']]"
Friend Like Me,Will Smith,2019.,"[[], []]"
Stronger,The Score,2019.,"[[], []]"
Kalank,Pritam,2019.,"[[], []]"
A Casa É Sua,Casa Worship,2019.,"[[], []]"
Fresa,TINI,2019.,"[[], []]"
Goddamn,Tyga,2019.,"[['lamborghini'], ['california']]"
Deux frères,PNL,2019.,"[['ford', 'mustang', 'nike'], []]"
Two of Us,Louis Tomlinson,2019.,"[['louis'], []]"
Does To Me,Luke Combs,2019.,"[[], []]"
Insomnia,Daya,2019.,"[[], []]"
"Big, Big Plans",Chris Lane,2019.,"[[], []]"
Bacc Seat,Roddy Ricch,2019.,"[['celine', 'gucci', 'jeep', 'porsche', 'balenciaga'], []]"
CROWN,TOMORROW X TOGETHER,2019.,"[[], []]"
Soltera,Lunay,2019.,"[[], []]"
Class Fight,Melanie Martinez,2019.,"[[], []]"
Venice Bitch,Lana Del Rey,2019.,"[[], []]"
Maman ne le sait pas,Ninho,2019.,"[['cayenne', 'balmain'], []]"
Hatchback,Cochise,2019.,"[[], ['tokyo', 'liverpool']]"
Triggered (freestyle),Jhené Aiko,2019.,"[[], []]"
"I'm Good Luv, Enjoy.",Aaron May,2019.,"[[], []]"
DOLLAR,Becky G,2019.,"[[], []]"
Ropa De Bazar,Ed Maverick,2019.,"[[], []]"
Lose It,Kane Brown,2019.,"[[], []]"
Catching Feelings,Drax Project,2019.,"[[], []]"
Date La Vuelta,Luis Fonsi,2019.,"[[], ['cartagena', 'venezuela']]"
Let Me Down Slowly,Alec Benjamin,2019.,"[[], []]"
La Difícil,Camilo,2019.,"[[], []]"
BLOW,Ed Sheeran,2019.,"[[], []]"
Homesick,Kane Brown,2019.,"[[], []]"
Alors On Danse,Stromae,2019.,"[[], []]"
Press,Cardi B,2019.,"[['bentley', 'dior', 'patek'], ['georgia', 'florida']]"
Glass House,mgk,2019.,"[[], ['pittsburgh']]"
Toast,Koffee,2019.,"[[], []]"
Mi Mala,Mau y Ricky,2019.,"[[], []]"
One,Lewis Capaldi,2019.,"[[], []]"
Delincuente,Farruko,2019.,"[[], []]"
Sem Sal,Marília Mendonça,2019.,"[[], []]"
Boasty,Wiley,2019.,"[[], ['cali']]"
Miss Lonely,Sech,2019.,"[[], []]"
Punto G,KAROL G,2019.,"[[], []]"
Torn,Ava Max,2019.,"[[], []]"
Pieces,AVAION,2019.,"[[], []]"
Tomboy,Destiny Rogers,2019.,"[['sephora'], []]"
23 Island,JayDaYoungan,2019.,"[[], []]"
MEGATRON,Nicki Minaj,2019.,"[['benz', 'barbie', 'fendi'], []]"
Bem Pior Que Eu,Marília Mendonça,2019.,"[[], []]"
Made For You,Jake Owen,2019.,"[[], []]"
Combatchy,Anitta,2019.,"[[], []]"
Shea Butter Baby,Ari Lennox,2019.,"[[], []]"
Shots,Lil Tecca,2019.,"[[], []]"
Wish You Well,Sigala,2019.,"[[], []]"
Numb Numb Juice,ScHoolboy Q,2019.,"[[], []]"
ICY,ITZY,2019.,"[[], []]"
WHEN I WAS OLDER,Billie Eilish,2019.,"[[], []]"
Beautiful Scars,Maximillian,2019.,"[[], []]"
Love Me More,Trippie Redd,2019.,"[[], []]"
Te Apuesto,Marca MP,2019.,"[[], []]"
Wieder Lila,Samra,2019.,"[[""levi's"", 'lamborghini', 'gucci', 'louis', 'ford'], ['milan']]"
Mile High,James Blake,2019.,"[[], []]"
Dive,Hot Shade,2019.,"[[], []]"
Love Talk,WayV,2019.,"[[], []]"
North Memphis,Pharmacist,2019.,"[['glock'], ['memphis']]"
Love You For A Long Time,Maggie Rogers,2019.,"[[], []]"
El Sillón,Alfredo Olivas,2019.,"[[], []]"
Dime Que Sí,Jay Wheeler,2019.,"[[], []]"
Ela É do Tipo,MC Kevin o Chris,2019.,"[[], []]"
Espaçosa Demais,Felipe Araújo,2019.,"[[], []]"
Kick It,BLACKPINK,2019.,"[[], []]"
MIROH,Stray Kids,2019.,"[[], []]"
There Was This Girl,Riley Green,2019.,"[[], []]"
Body,Summer Walker,2019.,"[[], ['london']]"
Surtada,Dadá Boladão,2019.,"[[], []]"
Focus,Bazzi,2019.,"[[], []]"
No Te Debí Besar,C. Tangana,2019.,"[[], []]"
"Trueno: Bzrp Freestyle Sessions, Vol. 6",Bizarrap,2019.,"[[], ['china']]"
Melody,Lost Frequencies,2019.,"[[], []]"
Fingías,Paloma Mami,2019.,"[[], []]"
22,TINI,2019.,"[[], []]"
La bandite,Jul,2019.,"[[], []]"
Legacy,Offset,2019.,"[['rari'], ['mississippi']]"
No New Friends,Sia,2019.,"[[], []]"
Halu,Feby Putri,2019.,"[[], []]"
Bebaça,Marília Mendonça,2019.,"[[], []]"
Pura Pura Lupa,Mahen,2019.,"[[], []]"
No Puedo,Paulo Londra,2019.,"[[], []]"
Ne reviens pas,Gradur,2019.,"[['uber'], []]"
I Know,Post Malone,2019.,"[[], []]"
An Art Gallery Could Never Be As Unique As You,mrld,2019.,"[[], []]"
I duckinf hatw you,Ghostemane,2019.,"[[], []]"
Com Ou Sem Mim,Gustavo Mioto,2019.,"[[], []]"
Perdição,L7NNON,2019.,"[[], []]"
Leave Me Alone,NF,2019.,"[[], []]"
IMPORTED,Jessie Reyez,2019.,"[['honda', 'porsches'], []]"
Goutte d'eau,Ninho,2019.,"[[], []]"
I Want You Around,Snoh Aalegra,2019.,"[[], []]"
CRUDELIA,Marracash,2019.,"[[], []]"
Family,The Chainsmokers,2019.,"[[], []]"
Self Control,YoungBoy Never Broke Again,2019.,"[['glock', 'dior'], []]"
Right Back,Khalid,2019.,"[[], ['la']]"
Love song,Lana Del Rey,2019.,"[[], []]"
B11,Rvssian,2019.,"[['versace'], []]"
Dear Society,Madison Beer,2019.,"[[], ['amsterdam', 'madison']]"
In Your Arms,ILLENIUM,2019.,"[[], ['rome']]"
Kinfolks,Sam Hunt,2019.,"[[], []]"
Araw-Araw,Ben&Ben,2019.,"[[], []]"
Woke Up Late,Drax Project,2019.,"[[], []]"
On Chill,Wale,2019.,"[[], []]"
Um Pedido,Hungria,2019.,"[['audi'], []]"
Mi Error,Eladio Carrion,2019.,"[[], []]"
Magenta Riddim,DJ Snake,2019.,"[[], []]"
Jerry Sprunger,Tory Lanez,2019.,"[['lamborghini'], []]"
Lay By Me,Ruben,2019.,"[[], []]"
THRU THE NIGHT,Jack Harlow,2019.,"[[], []]"
Professor X,Dave,2019.,"[['balenciagas', 'pradas', 'rollie'], []]"
カワキヲアメク,美波,2019.,"[[], []]"
Stay Awake,Dean Lewis,2019.,"[[], []]"
Honeybee,The Head And The Heart,2019.,"[[], []]"
Juicy,Doja Cat,2019.,"[['coke'], []]"
quando a bad bater,Luan Santana,2019.,"[[], []]"
Nero Forte,Slipknot,2019.,"[[], []]"
I Lost a Friend,FINNEAS,2019.,"[[], []]"
¿Qué Ha Pasao'?,Abraham Mateo,2019.,"[[], []]"
Elle est bonne sa mère,Vegedream,2019.,"[['chanel', 'rolex'], []]"
Nem de Graça / Saudade Arregaça,Pixote,2019.,"[[], []]"
Disco,Surf Curse,2019.,"[[], []]"
GIANTS,True Damage,2019.,"[['benz', 'volvo'], []]"
Just Us,DJ Khaled,2019.,"[[], []]"
Dream Glow (BTS World Original Soundtrack) (Pt. 1),BTS,2019.,"[['miller', 'dove', 'louis', 'zara', 'jaguar', 'champion'], ['batman', 'california', 'florence', 'detroit', 'madison', 'phoenix', 'paris', 'aurora', 'ohio', 'montana']]"
BOOM,NCT DREAM,2019.,"[[], []]"
Soon You’ll Get Better,Taylor Swift,2019.,"[[], []]"
Boys Ain't Shit,SAYGRACE,2019.,"[[], []]"
El Fin del Mundo,La La Love You,2019.,"[[], []]"
ADHD,Joyner Lucas,2019.,"[[], []]"
Swan Song,Dua Lipa,2019.,"[[], []]"
Como Estrellas,LA YOUNG,2019.,"[[], []]"
Putana,Ninho,2019.,"[['glock'], []]"
PAID MY DUES,NF,2019.,"[[], []]"
Heartbeat (BTS World Original Soundtrack),BTS,2019.,"[['palace'], ['nyc', 'hamilton', 'la', 'brazil', 'austin', 'boston', 'california']]"
Huling Sandali (Tayo Sa Huling Buwan Ng Taon Official Soundtrack),December Avenue,2019.,"[[], []]"
SOLVED THE PROBLEM,Comethazine,2019.,"[['uber'], []]"
Cómo estás,Ke Personajes,2019.,"[[], []]"
Blame,Bryson Tiller,2019.,"[[], []]"
Feel Me,Rich Music LTD,2019.,"[[], ['chile']]"
Lunchbox Friends,Melanie Martinez,2019.,"[['barbie'], []]"
Joy,Bastille,2019.,"[[], []]"
Abrazado a Ti,Kevin Kaarl,2019.,"[[], []]"
Hauseingang,Pashanim,2019.,"[[], ['berlin']]"
Let Her Go,The Kid LAROI,2019.,"[['benz'], []]"
That's a Rack,Lil Uzi Vert,2019.,"[['fendi', ""lamb'"", 'balmain', 'bentley', 'lambo', 'maybach', 'dior'], []]"
Trap [Feat. Lil Baby],SAINt JHN,2019.,"[[], []]"
Amigo,Lil Tecca,2019.,"[['bape', 'porsche', 'ford'], []]"
Make It With You,Ben&Ben,2019.,"[[], []]"
Blueming,IU,2019.,"[[], []]"
Broken & Beautiful,Kelly Clarkson,2019.,"[[], []]"
All The Lies,Alok,2019.,"[[], ['paris']]"
Time Machine,WILLOW,2019.,"[[], ['nyc']]"
Me Gusta,DTF,2019.,"[['honda'], []]"
Tumbando el Club,Neo Pistea,2019.,"[['ferrari', 'gucci'], ['montana']]"
El Mundo a Tus Pies,Grupo Firme,2019.,"[[], []]"
Girls Have Fun,Tyga,2019.,"[[], ['l.a.']]"
È sempre bello,Coez,2019.,"[[], []]"
IGOR'S THEME,"Tyler, The Creator",2019.,"[[], []]"
No Right To Love You,Rhys Lewis,2019.,"[[], []]"
ALREADY,Beyoncé,2019.,"[[], []]"
Hair Down,SiR,2019.,"[[], []]"
Bulong,December Avenue,2019.,"[[], []]"
Ruthless,Lil Tjay,2019.,"[['balmains', 'bape', 'nikes', 'maybach'], ['atlanta']]"
Gold Roses,Rick Ross,2019.,"[['chanel'], ['america']]"
Beef FloMix,Flo Milli,2019.,"[[], []]"
All Alone,Freddie Dredd,2019.,"[[], []]"
Estado Decadente,Zé Neto & Cristiano,2019.,"[[], []]"
Hurricane,I Prevail,2019.,"[[], []]"
Áudio,Diego & Victor Hugo,2019.,"[[], []]"
10%,KAYTRANADA,2019.,"[[], []]"
Brand New Man,Brooks & Dunn,2019.,"[[], []]"
Rushing Back,Flume,2019.,"[[], []]"
Pal Pal Dil Ke Paas,Arijit Singh,2019.,"[[], []]"
Alocao (With Bad Gyal),Omar Montes,2019.,"[[], ['palma']]"
BIG,Young M.A,2019.,"[['kappa', 'off-white', 'patek', 'glocks', 'hennessy', 'rollie', 'bugatti'], ['la']]"
Nothing On You,Ed Sheeran,2019.,"[['chanel', 'rover'], []]"
Dove e quando,Benji & Fede,2019.,"[[], []]"
Drugs,UPSAHL,2019.,"[['audi'], []]"
Home,Cavetown,2019.,"[[], []]"
Light,Jerome,2019.,"[[], []]"
Nobody But You (Duet with Gwen Stefani),Blake Shelton,2019.,"[['louis', 'gucci'], []]"
YO LE LLEGO,J Balvin,2019.,"[['rolex'], ['colombia', 'argentina', 'venezuela', 'chile']]"
Screwface Capital,Dave,2019.,"[['porsche'], []]"
Whip A Tesla,Yung Gravy,2019.,"[['tesla', 'dodge', 'prada', 'guinness', 'patek'], []]"
La Respuesta,Becky G,2019.,"[[], []]"
Dime Cuantas Veces,Micro TDH,2019.,"[[], []]"
Old Streets,2KBABY,2019.,"[[], []]"
Gloria,The Lumineers,2019.,"[[], []]"
Adu Rayu,Yovie Widianto,2019.,"[[], []]"
Tokyo Drifting,Glass Animals,2019.,"[['patek'], ['tokyo', 'jordan']]"
First Off,Future,2019.,"[['louis', 'bugatti', 'nikes', 'patek'], []]"
Meu talismã,IZA,2019.,"[[], []]"
Safari,Serena,2019.,"[[], []]"
Contatinho,Leo Santana,2019.,"[['glock'], ['santos']]"
Amin Paling Serius,Sal Priadi,2019.,"[[], []]"
Narcotic,YouNotUs,2019.,"[[], []]"
Ready,Alessia Cara,2019.,"[[], []]"
Writing on the Wall,French Montana,2019.,"[['bimmer', 'gucci', 'fendi', 'prada', 'balenciaga'], ['montana', 'bronx']]"
Faith,Galantis,2019.,"[[], []]"
POPOPOP,Gambi,2019.,"[[], []]"
Miami Vibe,Adriel Favela,2019.,"[['rolls-royce'], ['miami', 'colombia']]"
Nurse's Office,Melanie Martinez,2019.,"[[], []]"
Wieso tust Du dir das an?,Apache 207,2019.,"[[], []]"
molly,iann dior,2019.,"[['beamer'], []]"
Tip Toe,Roddy Ricch,2019.,"[['rollie', 'patron', 'balenciaga', 'patek'], []]"
PUPPET,"Tyler, The Creator",2019.,"[[], []]"
Evoluiu,MC Kevin o Chris,2019.,"[[], []]"
Strangers,Sigrid,2019.,"[[], []]"
Ti volevo dedicare,Rocco Hunt,2019.,"[['coca', 'cola'], ['malibu']]"
Leray,Trippie Redd,2019.,"[[], []]"
Gimme! Gimme! Gimme!,GAMPER & DADONI,2019.,"[[], []]"
Se iluminaba,Fred De Palma,2019.,"[[], ['palma']]"
Title,Artist,Year,Entities
Heat Waves,Glass Animals,2020.,"[[], []]"
Levitating,Dua Lipa,2020.,"[[], []]"
Save Your Tears,The Weeknd,2020.,"[[], []]"
DÁKITI,Bad Bunny,2020.,"[['bulgari', 'sephora', 'louis', 'pandora'], []]"
Dynamite,BTS,2020.,"[[], []]"
I Like Me Better,Lauv,2020.,"[[], []]"
Heather,Conan Gray,2020.,"[[], []]"
Sweet but Psycho,Ava Max,2020.,"[[], []]"
death bed (coffee for your head),Powfu,2020.,"[[], []]"
ROCKSTAR,DaBaby,2020.,"[['lamborghini', 'glock', 'maybach'], []]"
Falling,Trevor Daniel,2020.,"[[], []]"
Save Your Tears (Remix),The Weeknd,2020.,"[[], []]"
Godzilla,Eminem,2020.,"[['courvoisier', 'ak', 'louis'], []]"
positions,Ariana Grande,2020.,"[[], []]"
cardigan,Taylor Swift,2020.,"[[""levi's""], []]"
Lemonade,Internet Money,2020.,"[['fiji', 'adderall', 'xanax'], []]"
Hawái,Maluma,2020.,"[[], []]"
Blueberry Faygo,Lil Mosey,2020.,"[['glock', 'gucci', 'valentino'], []]"
hot girl bummer,blackbear,2020.,"[['birkin'], []]"
Life Is Good,Future,2020.,"[['bentley', 'fiji', 'birkin', 'patek'], ['spain', 'london']]"
Lose You To Love Me,Selena Gomez,2020.,"[[], []]"
Head & Heart,Joel Corry,2020.,"[[], []]"
Break My Heart,Dua Lipa,2020.,"[[], []]"
The Business,Tiësto,2020.,"[[], []]"
Intentions,Justin Bieber,2020.,"[[], ['colorado', 'toronto']]"
telepatía,Kali Uchis,2020.,"[[], []]"
Heartbreak Anniversary,Giveon,2020.,"[[], []]"
august,Taylor Swift,2020.,"[[], []]"
Good Days,SZA,2020.,"[[], []]"
What You Know Bout Love,Pop Smoke,2020.,"[['fendi', 'rover'], []]"
Stuck with U,Ariana Grande,2020.,"[[], []]"
MIDDLE OF THE NIGHT,Elley Duhé,2020.,"[[], []]"
La Curiosidad,Jay Wheeler,2020.,"[[], []]"
For The Night,Pop Smoke,2020.,"[['dior', 'rolls-royce', 'porsche', 'lambo'], ['paris']]"
Savage Love (Laxed,Jawsh 685,2020.,"[[], []]"
Rain On Me,Lady Gaga,2020.,"[[], []]"
Toosie Slide,Drake,2020.,"[['nike'], []]"
How You Like That,BLACKPINK,2020.,"[[], []]"
July,Noah Cyrus,2020.,"[[], []]"
LA NOCHE DE ANOCHE,Bad Bunny,2020.,"[[], []]"
Heartless,Diplo,2020.,"[[], []]"
Physical,Dua Lipa,2020.,"[[], []]"
34+35,Ariana Grande,2020.,"[[], []]"
Kings & Queens,Ava Max,2020.,"[[], ['queens']]"
Laugh Now Cry Later,Drake,2020.,"[[], ['atlanta']]"
Come & Go,Juice WRLD,2020.,"[[], []]"
After Hours,The Weeknd,2020.,"[[], []]"
In Your Eyes,Robin Schulz,2020.,"[[], []]"
No Idea,Don Toliver,2020.,"[['uber'], []]"
Shut up My Moms Calling,Hotel Ugly,2020.,"[[], []]"
La Santa,Bad Bunny,2020.,"[[], []]"
Wishing Well,Juice WRLD,2020.,"[[], []]"
Martin & Gina,Polo G,2020.,"[['h&m'], [""cali'""]]"
Call on Me,Starley,2020.,"[[], []]"
i'm so tired...,Lauv,2020.,"[[], []]"
Boss Bitch,Doja Cat,2020.,"[['barbie'], []]"
BICHOTA,KAROL G,2020.,"[[], []]"
Safaera,Bad Bunny,2020.,"[['audi', 'honda'], []]"
willow,Taylor Swift,2020.,"[[], []]"
Maniac,Conan Gray,2020.,"[[], []]"
UN DIA (ONE DAY),J Balvin,2020.,"[[], ['london']]"
Lonely,Noah Cyrus,2020.,"[[], []]"
Si Veo a Tu Mamá,Bad Bunny,2020.,"[[], []]"
Whats Poppin,Jack Harlow,2020.,"[[], ['stockton']]"
Therefore I Am,Billie Eilish,2020.,"[[], []]"
THE SCOTTS,THE SCOTTS,2020.,"[['porsche', 'adobe'], ['cleveland']]"
Yummy,Justin Bieber,2020.,"[[], []]"
Mood Swings,Pop Smoke,2020.,"[['bentley', 'chanel', 'celine', 'valentino', 'uber', 'birkin'], []]"
Holy,Justin Bieber,2020.,"[[], []]"
A Tu Merced,Bad Bunny,2020.,"[[], ['miami']]"
Whoopty,CJ,2020.,"[['fiji'], []]"
exile,Taylor Swift,2020.,"[[], []]"
Chicago Freestyle,Drake,2020.,"[[], []]"
Yo Perreo Sola,Bad Bunny,2020.,"[['louis'], ['nairobi']]"
Party Girl,StaySolidRocky,2020.,"[[], []]"
Supalonely,BENEE,2020.,"[[], []]"
Sky,Playboi Carti,2020.,"[[], []]"
Life Goes On,BTS,2020.,"[[], []]"
TE MUDASTE,Bad Bunny,2020.,"[[], []]"
La Difícil,Bad Bunny,2020.,"[[], []]"
Take You Dancing,Jason Derulo,2020.,"[['louis', 'prada'], []]"
CÓMO SE SIENTE,JHAYCO,2020.,"[[], []]"
POPSTAR,DJ Khaled,2020.,"[[], ['houston', 'texas']]"
After Party,Don Toliver,2020.,"[['bacardi'], []]"
Go Crazy,Chris Brown,2020.,"[['gucci', 'prada'], []]"
Bandido,Myke Towers,2020.,"[['crayola'], []]"
Borderline,Tame Impala,2020.,"[[], []]"
"...And to Those I Love, Thanks for Sticking Around",$uicideboy$,2020.,"[[], []]"
my ex's best friend,mgk,2020.,"[[], []]"
Runnin,21 Savage,2020.,"[[], []]"
Love Again,Dua Lipa,2020.,"[[], []]"
At My Worst,Pink Sweat$,2020.,"[[], []]"
La Jeepeta,Nio Garcia,2020.,"[[], ['cali']]"
Ignorantes,Bad Bunny,2020.,"[['champion'], []]"
Be Kind,Marshmello,2020.,"[[], []]"
Hasta Que Dios Diga,Anuel AA,2020.,"[['gucci', 'prada'], []]"
Glock In My Lap,21 Savage,2020.,"[['ak', 'glock', 'benz'], []]"
Hecha Pa' Mi,Boza,2020.,"[['cartier'], []]"
Tattoo,Rauw Alejandro,2020.,"[[], []]"
champagne problems,Taylor Swift,2020.,"[['pérignon', 'chevy'], []]"
No Time To Die,Billie Eilish,2020.,"[[], []]"
Rojo,J Balvin,2020.,"[[], []]"
Relación,Sech,2020.,"[[], []]"
Meet Me At Our Spot,THE ANXIETY,2020.,"[[], []]"
Monster (Shawn Mendes & Justin Bieber),Shawn Mendes,2020.,"[['gucci', 'coke', 'glock'], ['tampa', 'montana', 'florida', 'georgia', 'ny']]"
"Ay, DiOs Mío!",KAROL G,2020.,"[[], []]"
Put Your Records On,Ritt Momney,2020.,"[[], []]"
Wonder,Shawn Mendes,2020.,"[[], []]"
Una Locura,Ozuna,2020.,"[['acura'], []]"
Reloj,Rauw Alejandro,2020.,"[['diesel'], []]"
the 1,Taylor Swift,2020.,"[[], []]"
Hello,Pop Smoke,2020.,"[['adderall', 'aquafina', 'dior'], ['europe', 'cali']]"
死ぬのがいいわ,Fujii Kaze,2020.,"[[], []]"
Ice Cream,BLACKPINK,2020.,"[[], []]"
Una Vez,Bad Bunny,2020.,"[[], []]"
Clouded,Brent Faiyaz,2020.,"[[], []]"
Vida de Rico,Camilo,2020.,"[[], []]"
Walk Em Down,NLE Choppa,2020.,"[['glock', 'balenciaga', 'motorola'], []]"
Lovesick Girls,BLACKPINK,2020.,"[[], []]"
La Nota,Manuel Turizo,2020.,"[['prada'], ['venezuela', 'cuba']]"
The Woo,Pop Smoke,2020.,"[['versace', 'bentley', 'birkin'], []]"
Tyler Herro,Jack Harlow,2020.,"[[], []]"
You should be sad,Halsey,2020.,"[[], []]"
Invincible,Pop Smoke,2020.,"[['hennessy'], []]"
Righteous,Juice WRLD,2020.,"[['gucci'], []]"
HOLIDAY,Lil Nas X,2020.,"[[], []]"
pov,Ariana Grande,2020.,"[[], []]"
GREECE,DJ Khaled,2020.,"[['gucci', 'louis', 'jeep'], ['greece', 'paris']]"
BEST INTEREST,"Tyler, The Creator",2020.,"[[], []]"
Mamichula,Trueno,2020.,"[[], ['madrid']]"
IDK You Yet,Alexander 23,2020.,"[[], []]"
Lose Somebody,Kygo,2020.,"[[], []]"
Sleigh Ride,The Ronettes,2020.,"[[], []]"
GIRL LIKE ME,Black Eyed Peas,2020.,"[[], ['l.a.']]"
Element,Pop Smoke,2020.,"[['louboutin', 'lambo', 'patek', 'rari', 'azul'], ['brooklyn']]"
This Side of Paradise,Coyote Theory,2020.,"[[], []]"
MAMACITA,Black Eyed Peas,2020.,"[['louis', 'dior'], []]"
My Head & My Heart,Ava Max,2020.,"[[], []]"
More Than My Hometown,Morgan Wallen,2020.,"[[], ['california']]"
Took Her To The O,King Von,2020.,"[['glock', 'lyft'], []]"
Daisy,Ashnikko,2020.,"[[], []]"
Caramelo,Ozuna,2020.,"[[], []]"
Got It On Me,Pop Smoke,2020.,"[['ray-bans', 'glock'], []]"
my tears ricochet,Taylor Swift,2020.,"[[], []]"
21,Gracie Abrams,2020.,"[[], []]"
motive,Ariana Grande,2020.,"[[], []]"
Jugaste y Sufrí,Eslabon Armado,2020.,"[[], []]"
Chica Ideal,Sebastian Yatra,2020.,"[[], ['colombia']]"
Goosebumps,HVME,2020.,"[[], []]"
Azul,J Balvin,2020.,"[[], []]"
GO,The Kid LAROI,2020.,"[[], []]"
Favorito,Camilo,2020.,"[[], []]"
Forever After All,Luke Combs,2020.,"[[], []]"
Morado,J Balvin,2020.,"[[], []]"
Quiéreme Mientras Se Pueda,Manuel Turizo,2020.,"[['gucci', 'valentino'], []]"
Happiest Year,Jaymes Young,2020.,"[[], []]"
The Adults Are Talking,The Strokes,2020.,"[[], []]"
La Tóxica,Farruko,2020.,"[[], []]"
Cloud 9,Beach Bunny,2020.,"[[], []]"
GOOBA,6ix9ine,2020.,"[['bentley'], []]"
Romantic Lover,Eyedress,2020.,"[[], []]"
Diosa,Myke Towers,2020.,"[['hermès'], ['van']]"
my future,Billie Eilish,2020.,"[[], []]"
Smile,Juice WRLD,2020.,"[[], []]"
Control,Zoe Wees,2020.,"[[], []]"
Black Swan,BTS,2020.,"[[], []]"
Afterglow,Ed Sheeran,2020.,"[[], []]"
You Should Probably Leave,Chris Stapleton,2020.,"[[], []]"
ON,BTS,2020.,"[[], ['paris']]"
7 Summers,Morgan Wallen,2020.,"[['coke'], ['tennessee']]"
Sum 2 Prove,Lil Baby,2020.,"[[], []]"
Good News,Mac Miller,2020.,"[[], []]"
TKN,ROSALÍA,2020.,"[[], []]"
Rich N*gga Sh*t,21 Savage,2020.,"[['dior', 'puma'], ['texas', 'nairobi', 'madison', 'kota']]"
Filter,BTS,2020.,"[[], []]"
Pretty Savage,BLACKPINK,2020.,"[[], []]"
El Tóxico,Grupo Firme,2020.,"[[], []]"
that way,Tate McRae,2020.,"[[], []]"
Head Shoulders Knees & Toes,Ofenbach,2020.,"[[], []]"
Elegí,Rauw Alejandro,2020.,"[[], []]"
Se Te Nota,Lele Pons,2020.,"[[], []]"
Excuses,AP Dhillon,2020.,"[[], []]"
Aquí Abajo,Christian Nodal,2020.,"[[], []]"
Mi Cuarto,Jerry Di,2020.,"[[], ['l.a.']]"
illicit affairs,Taylor Swift,2020.,"[[], []]"
Savage Remix,Megan Thee Stallion,2020.,"[[], ['texas']]"
Savage,Megan Thee Stallion,2020.,"[[], []]"
mirrorball,Taylor Swift,2020.,"[[], []]"
Parce,Maluma,2020.,"[[], []]"
Go Stupid,Polo G,2020.,"[['glocks', 'glock'], ['chi', 'cali', 'vegas']]"
Demasiadas Mujeres,C. Tangana,2020.,"[['prada'], ['miami', 'l.a.', 'madrid']]"
Despeinada,Ozuna,2020.,"[[], []]"
We Paid,Lil Baby,2020.,"[['glock', 'saks', 'timbs', 'benz'], ['detroit']]"
Fly Away,Tones And I,2020.,"[[], []]"
Hate The Other Side,Juice WRLD,2020.,"[['glocks'], ['chicago']]"
Tu Aake Dekhle,King,2020.,"[['zara'], []]"
Swish Swish,Katy Perry,2020.,"[[], ['queens']]"
Suicidal,YNW Melly,2020.,"[['hennessy'], []]"
Broke In A Minute,Tory Lanez,2020.,"[['bentley', 'fendi', 'givenchy', 'chevy', 'nordstrom'], []]"
Conversations,Juice WRLD,2020.,"[['dior', 'givenchy', 'louis'], []]"
Bichiyal,Bad Bunny,2020.,"[[], []]"
廻廻奇譚,Eve,2020.,"[[], []]"
Graveyard,Halsey,2020.,"[[], []]"
Diamonds,Sam Smith,2020.,"[[], []]"
Infrunami,Steve Lacy,2020.,"[[], []]"
Know Your Worth,Khalid,2020.,"[[], []]"
Be Like That,Kane Brown,2020.,"[[], []]"
Jerusalema,Master KG,2020.,"[[], []]"
La Mitad,Camilo,2020.,"[[], []]"
BOOKER T,Bad Bunny,2020.,"[[], []]"
BEBÉ,Camilo,2020.,"[[], []]"
Stay With Me,1nonly,2020.,"[['glocks'], []]"
Secrets,A Boogie Wit da Hoodie,2020.,"[['lamborghini', 'benz', 'chanel'], []]"
Some Say,Nea,2020.,"[[], []]"
this is me trying,Taylor Swift,2020.,"[[], []]"
Skechers,DripReport,2020.,"[['skechers', 'gucci'], []]"
PTSD,G Herbo,2020.,"[['tiffany', 'bentley'], []]"
Mi Niña,Wisin,2020.,"[[], ['bolivia']]"
Chosen,Blxst,2020.,"[['rollie'], []]"
DEAD MAN WALKING,Brent Faiyaz,2020.,"[[], ['vegas']]"
What If I Told You That I Love You,Ali Gatie,2020.,"[[], []]"
HACIENDO QUE ME AMAS,Bad Bunny,2020.,"[[], []]"
Easier,5 Seconds of Summer,2020.,"[[], []]"
24,Money Man,2020.,"[['louis', 'rolls-royce', 'porsche', 'dodge'], ['tennessee']]"
DOLLAZ ON MY HEAD,Gunna,2020.,"[['prada'], ['montana', 'atlanta', 'la']]"
Home,Edith Whiskers,2020.,"[[], ['alabama', 'arkansas']]"
One Of Them Girls,Lee Brice,2020.,"[[], []]"
I CAN'T STOP ME,TWICE,2020.,"[[], []]"
Rover,S1mba,2020.,"[['rover', 'motorola'], []]"
Wolves,Big Sean,2020.,"[[], []]"
Fever,Dua Lipa,2020.,"[[], []]"
Honeypie,JAWNY,2020.,"[[], []]"
La Zona,Bad Bunny,2020.,"[['louis'], []]"
120,Bad Bunny,2020.,"[['bugatti'], []]"
Back in Blood,Pooh Shiesty,2020.,"[['glock'], []]"
Gimme Love,Joji,2020.,"[[], []]"
You Got It,Vedo,2020.,"[[], []]"
Flex,Polo G,2020.,"[['glock'], []]"
Stupid Love,Lady Gaga,2020.,"[[], []]"
The Thrill,Wiz Khalifa,2020.,"[[], []]"
invisible string,Taylor Swift,2020.,"[[], ['la']]"
On Me,Thomas Rhett,2020.,"[[], []]"
Thotiana,Blueface,2020.,"[[], []]"
Myron,Lil Uzi Vert,2020.,"[['supreme', 'glock'], []]"
Shayad,Pritam,2020.,"[[], []]"
Remember That Night?,Sara Kays,2020.,"[[], []]"
El Mismo Aire,Camilo,2020.,"[[], []]"
WANNABE,ITZY,2020.,"[[], []]"
Girl,Myke Towers,2020.,"[['gucci', 'bentley'], ['guayaquil']]"
"I miss you, I’m sorry",Gracie Abrams,2020.,"[[], []]"
the last great american dynasty,Taylor Swift,2020.,"[['louis'], []]"
Cabrón y Vago,El Fantasma,2020.,"[[], []]"
Jeans,Justin Quiles,2020.,"[[], []]"
SugarCrash!,ElyOtto,2020.,"[[], []]"
Sour Candy,Lady Gaga,2020.,"[[], []]"
God’s Menu,Stray Kids,2020.,"[[], []]"
betty,Taylor Swift,2020.,"[[], []]"
Del Mar,Ozuna,2020.,"[['pantene'], []]"
Loading,Central Cee,2020.,"[[], ['dubai']]"
Lovefool,twocolors,2020.,"[[], []]"
Hypnotized,Purple Disco Machine,2020.,"[[], []]"
3 Headed Goat,Lil Durk,2020.,"[['glock'], ['miami', 'atlanta']]"
Get Back,Pop Smoke,2020.,"[[], []]"
Hallucinate,Dua Lipa,2020.,"[[], []]"
Caile,Luar La L,2020.,"[[], []]"
Blue World,Mac Miller,2020.,"[[], []]"
Me Gusta,Anitta,2020.,"[[], []]"
Mean It,Lauv,2020.,"[[], []]"
Tick Tock,Clean Bandit,2020.,"[['fendi'], []]"
Si Me Dices Que Sí,Reik,2020.,"[[], []]"
GOSHA,$NOT,2020.,"[['balmains', 'nike', 'gucci'], []]"
Amarillo,J Balvin,2020.,"[[], []]"
Spicy,Ty Dolla $ign,2020.,"[[], []]"
BELIEVE IT,PARTYNEXTDOOR,2020.,"[[], []]"
Muévelo,Nicky Jam,2020.,"[[], []]"
Moonwalking in Calabasas,DDG,2020.,"[['benz', 'lamborghini', 'louis', 'uber'], ['oakland', 'la', 'l.a.']]"
Bertaut,Nadin Amizah,2020.,"[[], []]"
Need It,Migos,2020.,"[['glock', 'porsche', 'cartiers'], []]"
Mad at Disney,salem ilese,2020.,"[['disney'], []]"
Dancing in My Room,347aidan,2020.,"[[], []]"
Starting Over,Chris Stapleton,2020.,"[[], []]"
Our Time,Lil Tecca,2020.,"[['nike'], []]"
Riot,XXXTENTACION,2020.,"[[], []]"
bloody valentine,mgk,2020.,"[[], []]"
Body,Megan Thee Stallion,2020.,"[[], []]"
Selfish,Madison Beer,2020.,"[[], ['madison']]"
Daechwita,Agust D,2020.,"[[], []]"
P2,Lil Uzi Vert,2020.,"[[], []]"
Soliá,Bad Bunny,2020.,"[[], []]"
Stay High,Juice WRLD,2020.,"[[], []]"
tolerate it,Taylor Swift,2020.,"[[], []]"
Con Tus Besos,Eslabon Armado,2020.,"[[], []]"
群青,YOASOBI,2020.,"[[], []]"
Life's A Mess,Juice WRLD,2020.,"[[], []]"
Christmas (Baby Please Come Home),Darlene Love,2020.,"[[], []]"
Turks,NAV,2020.,"[['glock'], ['toronto']]"
Look At Her Now,Selena Gomez,2020.,"[[], []]"
Who,Lauv,2020.,"[[], []]"
forget me too,mgk,2020.,"[[], []]"
seven,Taylor Swift,2020.,"[[], ['pennsylvania', 'india']]"
ILoveUIHateU,Playboi Carti,2020.,"[[], []]"
ADMV,Maluma,2020.,"[[], []]"
Se Amerita,Junior H,2020.,"[[], ['tijuana']]"
Algo Mágico,Rauw Alejandro,2020.,"[[], []]"
People You Know,Selena Gomez,2020.,"[[], []]"
Mr. Right Now,21 Savage,2020.,"[['chanel'], []]"
Stunnin',Curtis Waters,2020.,"[[], []]"
Time Flies,Drake,2020.,"[[], []]"
E-GIRLS ARE RUINING MY LIFE!,CORPSE,2020.,"[['coke'], ['saitama']]"
Drankin N Smokin,Future,2020.,"[['bugattis', 'rollie'], []]"
Still Be Friends,G-Eazy,2020.,"[['ford', 'benz', 'glock', 'rollie'], ['miami']]"
Mente Positiva,Junior H,2020.,"[[], ['tijuana']]"
Feelings,Lauv,2020.,"[[], []]"
Se Me Olvidó,Christian Nodal,2020.,"[[], []]"
eight(Prod.&Feat. SUGA of BTS),IU,2020.,"[['arizona'], ['tennessee', 'nyc', 'malibu', 'cali', 'jordan']]"
Pain 1993,Drake,2020.,"[['bentley', 'dior'], ['mexico']]"
To Die For,Sam Smith,2020.,"[[], []]"
Por Primera Vez,Camilo,2020.,"[[], []]"
Que Malo,Bad Bunny,2020.,"[[], []]"
Never Not,Lauv,2020.,"[[], []]"
Vamp Anthem,Playboi Carti,2020.,"[[], []]"
Lasting Lover,Sigala,2020.,"[[], []]"
Deep End Freestyle,Sleepy Hallow,2020.,"[[], []]"
Run,Joji,2020.,"[[], []]"
Moral of the Story,Ashe,2020.,"[[], []]"
#BrooklynBloodPop!,SyKo,2020.,"[[], []]"
3:00 AM,Eladio Carrion,2020.,"[['arizona', 'dove', 'louis'], ['daye', 'tala', 'washington', 'hue', 'van', 'cali', 'valenzuela', 'santos', 'vegas', 'paris', 'montana', 'florence', 'memphis']]"
Emotionally Scarred,Lil Baby,2020.,"[['lamborghinis', 'diors', 'benz'], []]"
Lantas,Juicy Luicy,2020.,"[[], ['lima']]"
Ashes,Stellar,2020.,"[[], []]"
gold rush,Taylor Swift,2020.,"[[], []]"
Tak Tiki Tak,Harry Nach,2020.,"[['glock'], []]"
Slow Down,Maverick Sabre,2020.,"[[], []]"
That Way,Lil Uzi Vert,2020.,"[['bentley'], ['atlanta', 'reno']]"
Alien Boy,Oliver Tree,2020.,"[[], []]"
"Nathy Peluso: Bzrp Music Sessions, Vol. 36",Bizarrap,2020.,"[[], []]"
Cardigan,Don Toliver,2020.,"[['jeep', 'prada'], []]"
Funny Thing,Thundercat,2020.,"[[], []]"
Costa Rica,Bankrol Hayden,2020.,"[['bimmer', 'louboutins', 'gucci', 'louboutin', 'louis'], []]"
Love Not War (The Tampa Beat),Jason Derulo,2020.,"[[], ['tampa']]"
Somebody’s Problem,Morgan Wallen,2020.,"[[], []]"
Rare,Selena Gomez,2020.,"[[], []]"
Maria,HWASA,2020.,"[[], []]"
Palabra de Hombre,El Fantasma,2020.,"[[], []]"
White Tee,Summer Walker,2020.,"[[], []]"
FRANCHISE,Travis Scott,2020.,"[['nikes', 'google', 'sprite', 'caterpillar'], ['france', 'mississippi', 'london']]"
Pero Ya No,Bad Bunny,2020.,"[['off-white'], []]"
Break My Heart Again,FINNEAS,2020.,"[[], []]"
"no body, no crime",Taylor Swift,2020.,"[[], []]"
I WANNA SEE SOME ASS,Jack Harlow,2020.,"[[], []]"
deep end,Fousheé,2020.,"[[], []]"
Diva,The Kid LAROI,2020.,"[[], ['france']]"
Been Away,Brent Faiyaz,2020.,"[[], []]"
ONE BEER,HARDY,2020.,"[[], []]"
Backyard Boy,Claire Rosinkranz,2020.,"[[], []]"
Dime Cómo Quieres,Christian Nodal,2020.,"[[], []]"
‘tis the damn season,Taylor Swift,2020.,"[[], ['l.a.']]"
Pretty Please,Dua Lipa,2020.,"[[], []]"
Bande organisée,13 Organisé,2020.,"[['audi', 'lacoste', 'porsche'], ['marseille']]"
OK Not To Be OK,Marshmello,2020.,"[[], []]"
ドライフラワー,Yuuri,2020.,"[[], []]"
Facas,Diego & Victor Hugo,2020.,"[[], []]"
Out Of Love,Lil Tecca,2020.,"[['rollie', 'bentley'], ['ny', 'queens']]"
Black And White,Niall Horan,2020.,"[[], []]"
Me and My Guitar,A Boogie Wit da Hoodie,2020.,"[['lamborghini', 'ferraris'], []]"
All We Got,Robin Schulz,2020.,"[[], []]"
PORFA,Feid,2020.,"[[], []]"
Wish You Were Sober,Conan Gray,2020.,"[['rover'], []]"
Girls in the Hood,Megan Thee Stallion,2020.,"[['patek'], []]"
Ikaw Lang,NOBITA,2020.,"[[], []]"
Level of Concern,Twenty One Pilots,2020.,"[[], []]"
Nada,Cali Y El Dandee,2020.,"[[], ['cali']]"
No Te Enamores,Milly,2020.,"[[], ['miami']]"
Seni Dert Etmeler,Madrigal,2020.,"[[], []]"
Inolvidable,Ovy On The Drums,2020.,"[[], []]"
Jenny (I Wanna Ruin Our Friendship),Studio Killers,2020.,"[[], []]"
Blue & Grey,BTS,2020.,"[[], []]"
My Time,BTS,2020.,"[['glock'], []]"
The Other,Lauv,2020.,"[[], []]"
What's Love Got to Do with It,Kygo,2020.,"[[], []]"
Texas Sun,Khruangbin,2020.,"[[], ['texas']]"
Hit Different,SZA,2020.,"[[], []]"
El Envidioso,Los Dos Carnales,2020.,"[[], []]"
Graveto,Marília Mendonça,2020.,"[[], ['malibu', 'beira']]"
Serana,For Revenge,2020.,"[[], []]"
Lil Bit,Nelly,2020.,"[['cîroc'], ['florida', 'georgia']]"
Way Out,Jack Harlow,2020.,"[[], ['dallas']]"
Volta Por Baixo,Henrique & Juliano,2020.,"[[], []]"
The Bigger Picture,Lil Baby,2020.,"[[], ['minneapolis']]"
BYE ME FUI,Bad Bunny,2020.,"[[], []]"
Mood,24kGoldn,2020.,"[[], []]"
Blastoff,Internet Money,2020.,"[[], ['bahamas']]"
Low Down,Lil Baby,2020.,"[['glock'], []]"
Don't Say Goodbye,Alok,2020.,"[[], []]"
Blue Jeans,GANGGA,2020.,"[[], []]"
Recairei,Os Barões Da Pisadinha,2020.,"[[], []]"
B.S.,Jhené Aiko,2020.,"[[], []]"
Excitement,Trippie Redd,2020.,"[[], []]"
TE DESEO LO MEJOR,Bad Bunny,2020.,"[[], []]"
Essence,Wizkid,2020.,"[[], []]"
Forever,Justin Bieber,2020.,"[[], ['vegas', 'texas']]"
Blueberry Eyes,MAX,2020.,"[[], []]"
Pretty Boy,The Neighbourhood,2020.,"[[], []]"
seasons,wave to earth,2020.,"[[], []]"
Polvo,Nicky Jam,2020.,"[[], []]"
Madrid,Maluma,2020.,"[[], ['madrid']]"
Te Esperé,Jesse & Joy,2020.,"[[], []]"
Blood On My Jeans,Juice WRLD,2020.,"[[], []]"
Explícito,Myke Towers,2020.,"[[], []]"
Rise Up,VINAI,2020.,"[[], []]"
Back Door,Stray Kids,2020.,"[[], []]"
Sick and Tired,iann dior,2020.,"[[], []]"
Tap In,Saweetie,2020.,"[[], []]"
Stargazing,The Neighbourhood,2020.,"[[], []]"
Stay Gold,BTS,2020.,"[[], []]"
25/8,Bad Bunny,2020.,"[['louis', 'lambo'], ['tokyo', 'miami']]"
00:00 (Zero O'Clock),BTS,2020.,"[[], []]"
Black Mamba,aespa,2020.,"[[], []]"
"always, i'll care",Jeremy Zucker,2020.,"[[], []]"
PAM,Justin Quiles,2020.,"[[], ['usa', 'miami']]"
Ayer Me Llamó Mi Ex,KHEA,2020.,"[[], ['santos']]"
Yale,Ken Carson,2020.,"[[], []]"
Love To Hate Me,BLACKPINK,2020.,"[[], []]"
Baby Face,Bobby Darin,2020.,"[[], []]"
Tequila Shots,Kid Cudi,2020.,"[[], []]"
MORE,K/DA,2020.,"[[], ['madison']]"
Keii,Anuel AA,2020.,"[[], []]"
Sweet Melody,Little Mix,2020.,"[[], []]"
Reminds Me Of You,Juice WRLD,2020.,"[[], []]"
Freak,Sub Urban,2020.,"[[], []]"
ANTES QUE SE ACABE,Bad Bunny,2020.,"[[], []]"
Gangstas,Pop Smoke,2020.,"[['benz'], []]"
BEST ON EARTH,Russ,2020.,"[[], ['japan', 'van']]"
You're Mines Still,Yung Bleu,2020.,"[['bentley'], ['brooklyn', 'miami']]"
Say So,Doja Cat,2020.,"[[], []]"
Si Me Tomo Una Cerveza,Migrantes,2020.,"[[], []]"
Medusa,JHAYCO,2020.,"[['nike', 'versace', 'patek'], ['usa', 'cuba', 'medellín']]"
SUICIDE YEAR,WEEDMANE,2020.,"[[], ['memphis']]"
Friends,BTS,2020.,"[[], []]"
"Dil Ko Karaar Aaya (From ""Sukoon"")",Yasser Desai,2020.,"[[], []]"
Such a Whore (Stellular Remix),JVLA,2020.,"[[], []]"
Like You Do,Joji,2020.,"[[], []]"
PA' ROMPERLA,Bad Bunny,2020.,"[['louis'], ['jordan']]"
La Casita,Banda MS de Sergio Lizárraga,2020.,"[[], []]"
Not Shy,ITZY,2020.,"[[], []]"
Slide (Remix),H.E.R.,2020.,"[['benz'], ['france']]"
Eyes Blue Like The Atlantic,Sista Prod,2020.,"[[], []]"
Crazy Over You,BLACKPINK,2020.,"[[], []]"
Onna Come Up,Lil Eazzyy,2020.,"[['gucci', 'prada'], []]"
Rags2Riches 2,Rod Wave,2020.,"[['bentley'], []]"
Stuck On You,Giveon,2020.,"[[], []]"
Monsters,All Time Low,2020.,"[[], []]"
stupid,Tate McRae,2020.,"[[], []]"
Sigues Con El,Arcángel,2020.,"[[], []]"
Desde Morro,Justin Morales,2020.,"[[], []]"
We are Bulletproof : the Eternal,BTS,2020.,"[[], []]"
Man Of The Year,Juice WRLD,2020.,"[[], ['london']]"
Something Special,Pop Smoke,2020.,"[[], []]"
Like It Is,Kygo,2020.,"[['zara'], ['miami']]"
Hablamos Mañana,Bad Bunny,2020.,"[['lambo'], ['chile', 'quito', 'batman']]"
Tell Me U Luv Me,Juice WRLD,2020.,"[['benz'], []]"
marjorie,Taylor Swift,2020.,"[[], []]"
Telepathy,BTS,2020.,"[[], []]"
Fed Up,Ghostemane,2020.,"[[], []]"
ivy,Taylor Swift,2020.,"[[], []]"
Let’s Love,David Guetta,2020.,"[[], []]"
Oprah's Bank Account,Lil Yachty,2020.,"[[], []]"
ALL GIRLS ARE THE SAME,RØNIN,2020.,"[[], []]"
Had Enough,Don Toliver,2020.,"[['bentley', 'chanel'], []]"
evermore,Taylor Swift,2020.,"[[], []]"
Who's Laughing Now,Ava Max,2020.,"[[], []]"
Dile a El,Rauw Alejandro,2020.,"[[], []]"
Show Out,Kid Cudi,2020.,"[[], []]"
Daisies,Katy Perry,2020.,"[[], []]"
Drown,Martin Garrix,2020.,"[[], []]"
Carita de Inocente,Prince Royce,2020.,"[[], []]"
mad woman,Taylor Swift,2020.,"[[], []]"
Ponte Pa' Mi,Justin Quiles,2020.,"[['nike'], []]"
CRY FOR ME,TWICE,2020.,"[[], []]"
"Ele É Ele, Eu Sou Eu",Wesley Safadão,2020.,"[[], []]"
たぶん,YOASOBI,2020.,"[[], []]"
Day in the Life,Central Cee,2020.,"[['jeep'], []]"
Not You Too,Drake,2020.,"[['maybach'], ['houston']]"
Mystery Lady,Masego,2020.,"[[], []]"
Good In Goodbye,Madison Beer,2020.,"[[], ['madison']]"
Reggaetonera,Anuel AA,2020.,"[['uber'], []]"
Freedom,Kygo,2020.,"[[], []]"
me & ur ghost,blackbear,2020.,"[['chanel'], []]"
I Hope You're Happy Now,Lee Brice,2020.,"[[], []]"
Está Cabrón Ser Yo,Bad Bunny,2020.,"[['lamborghini'], ['jordan', 'madison', 'orlando']]"
I Hope You’re Happy Now,Carly Pearce,2020.,"[[], []]"
Welcome To Brixton,SR,2020.,"[[], []]"
One Too Many,Keith Urban,2020.,"[[], []]"
peace,Taylor Swift,2020.,"[[], []]"
CIVIL WAR,Russ,2020.,"[[], []]"
Blue Hour,TOMORROW X TOGETHER,2020.,"[[], []]"
Psycho!,MASN,2020.,"[['porsche'], []]"
Tanto,Jesse & Joy,2020.,"[[], ['tanta']]"
Tommy Lee,Tyla Yaweh,2020.,"[['bugatti'], []]"
Kingslayer,Bring Me The Horizon,2020.,"[[], []]"
Moon,BTS,2020.,"[[], []]"
Following the Sun,SUPER-Hi,2020.,"[[], []]"
Coração Na Cama,Hugo & Guilherme,2020.,"[[], []]"
I Know,Polo G,2020.,"[['sprite'], []]"
Svag,Victor Leksell,2020.,"[[], ['det']]"
Black Catcher,VK Blanka,2020.,"[[], []]"
MORE & MORE,TWICE,2020.,"[[], []]"
+Linda,Dalex,2020.,"[[], []]"
Over Now,Calvin Harris,2020.,"[[], []]"
Cry Baby,Megan Thee Stallion,2020.,"[[], ['jordan']]"
Kaiju no Hanauta,Vaundy,2020.,"[[], []]"
just like magic,Ariana Grande,2020.,"[[], []]"
Rain,Aitch,2020.,"[[], ['la']]"
Daylight,Joji,2020.,"[[], []]"
Your New Boyfriend,Wilbur Soot,2020.,"[['disney', 'chevy'], []]"
Violent,carolesdaughter,2020.,"[[], []]"
VILLAIN,K/DA,2020.,"[[], ['madison']]"
Up Up And Away,Juice WRLD,2020.,"[['prada'], []]"
I'm Ready,Sam Smith,2020.,"[[], []]"
Por Mi México,Lefty Sm,2020.,"[[], []]"
Enjoy Yourself,Pop Smoke,2020.,"[['saks', 'dior', 'chanel'], []]"
New Tank,Playboi Carti,2020.,"[['lamborghini'], []]"
Together,Sia,2020.,"[[], []]"
No Bailes Sola,Danna Paola,2020.,"[[], []]"
THE BADDEST,K/DA,2020.,"[['miller'], []]"
Sorrows,Bryson Tiller,2020.,"[[], []]"
Banana,Conkarah,2020.,"[[], ['colombia', 'spain', 'sweden', 'ghana', 'japan', 'france']]"
La Última Canción,Rels B,2020.,"[[], []]"
long story short,Taylor Swift,2020.,"[[], []]"
Heatin Up,Lil Baby,2020.,"[['buick', 'benz', 'glocks'], []]"
Already Best Friends,Jack Harlow,2020.,"[[], ['georgia']]"
Bad Energy,Juice WRLD,2020.,"[[], []]"
LA DROGA,Bad Bunny,2020.,"[[], []]"
Captain Hook,Megan Thee Stallion,2020.,"[[], []]"
Papi Chulo,Octavian,2020.,"[['rolex', 'coronas'], []]"
I'll Wait,Kygo,2020.,"[[], []]"
Midnight,Alesso,2020.,"[[], []]"
Dias Nublados,Junior H,2020.,"[[], []]"
En Tu Cuerpo,Lyanno,2020.,"[[], []]"
Underdog,Alicia Keys,2020.,"[[], []]"
Baby Pluto,Lil Uzi Vert,2020.,"[['maybach', 'versace', 'honda', 'patek'], []]"
E-ER,DJ Scheme,2020.,"[['creed', 'louis'], ['greece', 'constantine', 'wuhan', 'tucson']]"
Mere Liye Tum Kaafi Ho,Ayushmann Khurrana,2020.,"[[], []]"
Tú,Myke Towers,2020.,"[[], ['medellín']]"
Amor e Fé,Hungria,2020.,"[[], []]"
Grace,Lil Baby,2020.,"[['rolls-royce'], []]"
うっせぇわ,Ado,2020.,"[[], []]"
Warriors,League of Legends,2020.,"[[], []]"
Hookah & Sheridan's,Tommy Boysen,2020.,"[[], []]"
Louder than bombs,BTS,2020.,"[[], []]"
Máquina do Tempo,Matuê,2020.,"[['rolex'], []]"
SORRY PAPI,Bad Bunny,2020.,"[['glock', 'ferrari'], ['venezuela']]"
Fallin’ (Adrenaline),Why Don't We,2020.,"[[], []]"
Mr. Glock,Key Glock,2020.,"[['glock', 'maybach'], ['memphis']]"
No Judgement,Niall Horan,2020.,"[[], []]"
Fantasias,Rauw Alejandro,2020.,"[[], ['rome', 'miami']]"
Bet You Wanna,BLACKPINK,2020.,"[[], []]"
<3,Bad Bunny,2020.,"[[], []]"
Más De La Una,Piso 21,2020.,"[[], ['medellín', 'colombia']]"
Airwaves,Pashanim,2020.,"[['pradas'], []]"
if u could see me cryin' in my room,Arash Buana,2020.,"[[], []]"
P*$$Y Fairy (OTW),Jhené Aiko,2020.,"[[], []]"
Silly Watch,Lil Uzi Vert,2020.,"[['glock', 'dove', 'chanel', 'crocs'], ['la', 'vegas']]"
Tattoos Together,Lauv,2020.,"[[], ['portland']]"
YO VISTO ASÍ,Bad Bunny,2020.,"[['nikes', 'adidas', 'louis'], ['tanta']]"
cowboy like me,Taylor Swift,2020.,"[[], []]"
overwhelmed,Royal & the Serpent,2020.,"[[], []]"
Looking For Me,Paul Woolford,2020.,"[[], []]"
Sogra,Dilsinho,2020.,"[[], []]"
Shake The Room,Pop Smoke,2020.,"[['birkin', 'bugatti', 'dior'], []]"
One Margarita,Luke Bryan,2020.,"[[], []]"
hoax,Taylor Swift,2020.,"[[], []]"
Sa Susunod na Habang Buhay,Ben&Ben,2020.,"[[], []]"
happiness,Taylor Swift,2020.,"[[], []]"
Bajo La Mesa,Morat,2020.,"[[], ['mesa']]"
Given-Taken,ENHYPEN,2020.,"[[], []]"
Stay,BTS,2020.,"[[], []]"
Faith,The Weeknd,2020.,"[[], ['vegas']]"
The Difference,Flume,2020.,"[[], []]"
Your eyes tell,BTS,2020.,"[[], []]"
Still Goin Down,Morgan Wallen,2020.,"[[], []]"
Hardest To Love,The Weeknd,2020.,"[[], []]"
Tus Jefes No Me Quieren,Grupo Ensamble,2020.,"[[], []]"
Pumped Up Kicks,Madism,2020.,"[[], []]"
Maçã Verde,MC Hariel,2020.,"[['nike'], []]"
Moon & Stars,$NOT,2020.,"[[], []]"
epiphany,Taylor Swift,2020.,"[[], []]"
Inner Child,BTS,2020.,"[[], []]"
UGH!,BTS,2020.,"[[], []]"
De Cora <3,Rauw Alejandro,2020.,"[[], ['palma']]"
safety net,Ariana Grande,2020.,"[[], []]"
Basta Você Me Ligar,Os Barões Da Pisadinha,2020.,"[[], []]"
Goodbye,Imanbek,2020.,"[[], []]"
Parasite Eve,Bring Me The Horizon,2020.,"[[], []]"
Chandelier,Will Paquin,2020.,"[[], []]"
BAD CON NICKY,Bad Bunny,2020.,"[[], []]"
midnight love,girl in red,2020.,"[[], []]"
Dis-ease,BTS,2020.,"[[], []]"
Stop Breathing,Playboi Carti,2020.,"[[], []]"
La Bella y la Bestia,Reik,2020.,"[[], []]"
炎,LiSA,2020.,"[[], []]"
Numbers,A Boogie Wit da Hoodie,2020.,"[['adderall', 'maybach', 'dior', 'prada', 'cayenne'], ['london']]"
coney island,Taylor Swift,2020.,"[[], []]"
N'y pense plus,Tayc,2020.,"[[], []]"
La Cama (Remix),Lunay,2020.,"[['hublot'], []]"
Enchule,Rauw Alejandro,2020.,"[[], []]"
Escape From LA,The Weeknd,2020.,"[['porsche'], ['la', 'constantine']]"
Mehrama,Pritam,2020.,"[[], []]"
Fly To My Room,BTS,2020.,"[[], []]"
I Love Me,Demi Lovato,2020.,"[[], []]"
3 Batidas,Guilherme & Benuto,2020.,"[[], []]"
Alone Again,The Weeknd,2020.,"[[], ['vegas']]"
Summer Feelings,Lennon Stella,2020.,"[[], ['california']]"
777-666,Matuê,2020.,"[[], ['jordan']]"
Famous Friends,Chris Young,2020.,"[[], ['hamilton']]"
Yessirskiii,Lil Uzi Vert,2020.,"[['glock'], ['la', 'austin']]"
TELL ME WHY,The Kid LAROI,2020.,"[['hennessy'], []]"
Too Late,The Weeknd,2020.,"[[], []]"
Do It,Chloe x Halle,2020.,"[['uber'], []]"
Pacas Verdes,Natanael Cano,2020.,"[['louis', 'rolex'], ['l.a.']]"
Titanic,Juice WRLD,2020.,"[[], []]"
Circles,Mac Miller,2020.,"[[], []]"
Still Trappin',Lil Durk,2020.,"[['glock'], []]"
Litrão,Matheus & Kauan,2020.,"[[], []]"
My Oasis,Sam Smith,2020.,"[[], []]"
Young & Alive,Bazzi,2020.,"[[], []]"
dorothea,Taylor Swift,2020.,"[[], []]"
Mmmh,KAI,2020.,"[[], []]"
One More Hour,Tame Impala,2020.,"[[], []]"
Así Soy,Santa Fe Klan,2020.,"[[], []]"
Desce Pro Play (PA PA PA),ZAAC,2020.,"[[], []]"
Imperfections (Interlude),Pop Smoke,2020.,"[[], []]"
Say My Name,Dimitri Vegas & Like Mike,2020.,"[[], []]"
Kacey Talk,YoungBoy Never Broke Again,2020.,"[[], []]"
Prospect,iann dior,2020.,"[[], []]"
Toxic,Kehlani,2020.,"[[], []]"
MODO TURBO,Luísa Sonza,2020.,"[[], []]"
You Never Know,BLACKPINK,2020.,"[[], []]"
nasty,Ariana Grande,2020.,"[[], []]"
Lo Mein,Lil Uzi Vert,2020.,"[['balmain', 'benz', 'cartiers', 'rollies', 'rolls-royce', 'louis', 'balenciaga'], []]"
Ojitos de Miel,T3R Elemento,2020.,"[[], []]"
Arcade,Duncan Laurence,2020.,"[[], []]"
War,Pop Smoke,2020.,"[['dior', 'glock'], []]"
go,Cat Burns,2020.,"[[], []]"
Any song,ZICO,2020.,"[[], []]"
Altüst Olmuşum,Mavi Gri,2020.,"[[], []]"
Cool,Dua Lipa,2020.,"[[], []]"
ハルジオン,YOASOBI,2020.,"[[], []]"
Ain't It Different,Headie One,2020.,"[[], ['la', 'dubai']]"
Feel Me,Selena Gomez,2020.,"[[], []]"
Nace Un Borracho,Christian Nodal,2020.,"[[], []]"
Afterthought,Joji,2020.,"[[], []]"
Notti In Bianco,BLANCO,2020.,"[[], []]"
The Other Side (from Trolls World Tour),SZA,2020.,"[['gucci'], []]"
Eres Tú,Matisse,2020.,"[[], []]"
Liberdade (Quando o Grave Bate Forte),Alok,2020.,"[[], []]"
Bitter,FLETCHER,2020.,"[['pepsi', 'coke'], []]"
Mad World,Timmy Trumpet,2020.,"[[], []]"
Cerrando Ciclos,Banda MS de Sergio Lizárraga,2020.,"[[], []]"
GIVE HEAVEN SOME HELL,HARDY,2020.,"[[], []]"
Anaranjado,Jowell & Randy,2020.,"[[], ['toronto']]"
Lost In Yesterday,Tame Impala,2020.,"[[], []]"
Lettre à une femme,Ninho,2020.,"[[], ['paris']]"
Weight On Me,Sheff G,2020.,"[[], []]"
TBT,Sebastian Yatra,2020.,"[[], []]"
Coffin,Lil Yachty,2020.,"[[], ['mecca']]"
Homecoming,Lil Uzi Vert,2020.,"[[""lamb'"", 'maybach', 'patek'], ['philly']]"
TROLLZ,6ix9ine,2020.,"[['glock', 'benz', 'aquafina', 'chanel'], []]"
Jesus in LA,Alec Benjamin,2020.,"[[], ['la']]"
Oh Juliana,Niack,2020.,"[[], []]"
Definitivamente,Daddy Yankee,2020.,"[[], []]"
drunk face,mgk,2020.,"[[], []]"
Locura,Cali Y El Dandee,2020.,"[[], ['cali']]"
De Vuelta Pa' La Vuelta,Daddy Yankee,2020.,"[[], []]"
Waalian,Harnoor,2020.,"[[], []]"
HOY COBRÉ,Bad Bunny,2020.,"[['gucci'], ['miami']]"
Hell Of A View,Eric Church,2020.,"[[], []]"
Relación Rota,Myke Towers,2020.,"[['creed', 'ford'], []]"
What A Shame,Leyla Blue,2020.,"[[], []]"
Yikes,Nicki Minaj,2020.,"[['fendi'], []]"
Those Kinda Nights,Eminem,2020.,"[['xanax', 'cadillac'], ['toledo', 'ohio', 'cleveland']]"
Can't Die,Juice WRLD,2020.,"[[], []]"
Soul Survivor,Jeezy,2020.,"[[], []]"
Only You Freestyle,Headie One,2020.,"[['birkin', 'louis', 'fenty', 'bentley'], ['atlanta', 'gaza', 'france']]"
Pulei na Piscina,Guilherme & Benuto,2020.,"[[], []]"
Livin’ The Dream,Morgan Wallen,2020.,"[['adderall'], []]"
Scared To Live,The Weeknd,2020.,"[[], []]"
Jalebi Baby,Tesher,2020.,"[['gucci', 'chanel'], []]"
BRABA,Luísa Sonza,2020.,"[[], []]"
Lance Individual,Jorge & Mateus,2020.,"[[], []]"
PRACTICE,DaBaby,2020.,"[['fendi', 'glock'], []]"
Minefields,Faouzia,2020.,"[[], []]"
DUN DUN,EVERGLOW,2020.,"[[], []]"
Eleven,Khalid,2020.,"[[], []]"
Alane,Robin Schulz,2020.,"[[], []]"
Tan Enamorados,CNCO,2020.,"[[], []]"
Kyoto,Phoebe Bridgers,2020.,"[[], ['kyoto', 'tokyo']]"
t h e . c l i m b . b a c k,J. Cole,2020.,"[[], []]"
Rags2Riches,Rod Wave,2020.,"[[], []]"
Teardrops,Bring Me The Horizon,2020.,"[[], []]"
Past Life,Trevor Daniel,2020.,"[[], []]"
La Historia,El Taiger,2020.,"[[], []]"
Commercial,Lil Baby,2020.,"[['dior', 'balmains', 'chevys'], []]"
Better Days,OneRepublic,2020.,"[[], ['california']]"
Piel Canela,Cuco,2020.,"[[], []]"
Almost Maybes,Jordan Davis,2020.,"[[], ['jordan']]"
Is It True,Tame Impala,2020.,"[[], []]"
Walked Through Hell,Anson Seabra,2020.,"[[], []]"
Dónde Estás,KHEA,2020.,"[[], ['argentina']]"
"Baby, I'm Jealous",Bebe Rexha,2020.,"[[], []]"
Better,ZAYN,2020.,"[[], []]"
911,Lady Gaga,2020.,"[[], []]"
Como Llora,Juanfran,2020.,"[[], []]"
Bonita,Jeeiph,2020.,"[[], []]"
Não Vai Embora,Dilsinho,2020.,"[[], []]"
Brothers,Bankrol Hayden,2020.,"[[], []]"
La Playa,Myke Towers,2020.,"[['lamborghini', 'lambo', 'cartier'], ['usa', 'orlando']]"
love nwantiti,CKay,2020.,"[[], []]"
Cabeza,OBOY,2020.,"[['ysl', 'gucci', 'fendi'], []]"
End of Time,K-391,2020.,"[[], []]"
Fake,Lauv,2020.,"[[], []]"
Poblado,Crissin,2020.,"[['moschino'], ['colombia']]"
Si Tu Amor No Vuelve,Carin Leon,2020.,"[[], ['tanta']]"
Meia Noite (Você tem meu Whatsapp),Tarcísio do Acordeon,2020.,"[[], []]"
Chasing Fire,Lauv,2020.,"[[], []]"
Dua,Güneş,2020.,"[[], []]"
M' Manc (con Geolier & Sfera Ebbasta),Shablo,2020.,"[['armani', 'valentino', 'kappa', 'louis', 'ak', 'kia', 'lou', 'omega', 'lambo', 'cola', 'benz'], ['miami', 'detroit', 'cali', 'denver', 'la', 'chi', 'vegas', 'montana']]"
Amor Tóxico,Christian Nodal,2020.,"[[], []]"
the lakes,Taylor Swift,2020.,"[[], []]"
Ew,Joji,2020.,"[[], []]"
Gracias (En Vivo),Grupo Firme,2020.,"[['lou', 'hennessy', 'fendi'], ['la', 'durango', 'paris', 'montana']]"
Miedito o Qué?,Ovy On The Drums,2020.,"[[], []]"
Si Tú La Quieres,David Bisbal,2020.,"[[], []]"
Meleğim,Soolking,2020.,"[[], ['paris']]"
off the table,Ariana Grande,2020.,"[[], []]"
Me Olvidé De Los 2,Rels B,2020.,"[[], []]"
Don Don,Daddy Yankee,2020.,"[['burberry', 'fendi', 'dior', 'uber', 'off-white', 'louis', 'supreme', 'lambo', 'rolls-royce', 'ak', 'versace'], ['vancouver', 'batman', 'jordan', 'ibiza']]"
Infinity,Olamide,2020.,"[[], []]"
Wrong Direction,Hailee Steinfeld,2020.,"[[], []]"
Surf,Mac Miller,2020.,"[[], []]"
Snowchild,The Weeknd,2020.,"[['louis'], ['cali']]"
Ego Death,Ty Dolla $ign,2020.,"[[], []]"
BMW,Because,2020.,"[['bmw'], []]"
Memory I Don't Mess With,Lee Brice,2020.,"[[], []]"
Arriba,Natanael Cano,2020.,"[[], []]"
LOYAL,PARTYNEXTDOOR,2020.,"[[], []]"
100 Años,Carlos Rivera,2020.,"[[], ['colombia']]"
春を告げる,yama,2020.,"[[], []]"
Clave Ali,Junior H,2020.,"[[], ['california']]"
M.,Anıl Emre Daldal,2020.,"[[], []]"
Outta Time,Bryson Tiller,2020.,"[[], []]"
Ma Vie,Kidd Keo,2020.,"[['fendi', 'prada'], []]"
Ranking,Jorge & Mateus,2020.,"[[], []]"
Uuuu,Steve Lacy,2020.,"[[], []]"
Nem Doeu,Matheus & Kauan,2020.,"[[], []]"
oops!,Yung Gravy,2020.,"[[], []]"
ROLLIN N CONTROLLIN FREESTYLE,DUSTY LOCANE,2020.,"[[], []]"
Dicked Down in Dallas,Trey Lewis,2020.,"[[], ['dallas', 'denver', 'memphis', 'raleigh', 'tennessee', 'austin', 'boston']]"
You Gon’ Learn,Eminem,2020.,"[[], []]"
Thank You [Not So Bad],VIZE,2020.,"[[], []]"
Tudo Aconteceu,MC Du Black,2020.,"[[], []]"
Fighting Demons,Juice WRLD,2020.,"[[], []]"
Fingertips,Tom Gregory,2020.,"[[], []]"
I Know The End,Phoebe Bridgers,2020.,"[[], ['germany', 'texas', 'america']]"
I Don't Know Why,NOTD,2020.,"[[], []]"
La Luz,Sech,2020.,"[['gucci'], []]"
Los Besos,Greeicy,2020.,"[[], []]"
It's Only Me,Kaleb J,2020.,"[[], []]"
Somebody's Watching Me,Chico Rose,2020.,"[[], []]"
Uzunlar,Evdeki Saat,2020.,"[[], []]"
More Hearts Than Mine,Ingrid Andress,2020.,"[[], []]"
Desejando Eu,Murilo Huff,2020.,"[[], []]"
Old Me,5 Seconds of Summer,2020.,"[[], []]"
Shakira!,1nonly,2020.,"[['prada', 'versace'], ['russia']]"
Follow,KAROL G,2020.,"[['nike'], []]"
X,Jonas Brothers,2020.,"[[], []]"
3G,Wisin,2020.,"[['lambo'], ['rome']]"
Atrapado en un Sueño,Junior H,2020.,"[[], []]"
FIND MY WAY,DaBaby,2020.,"[[], []]"
Cold As You,Luke Combs,2020.,"[[], []]"
Negro,J Balvin,2020.,"[['versace'], []]"
Qué Maldición,Banda MS de Sergio Lizárraga,2020.,"[[], []]"
We No Speak Americano (Edit),Yolanda Be Cool,2020.,"[[], []]"
Baby,Madison Beer,2020.,"[[], ['madison']]"
Molly,Sleepy Hallow,2020.,"[['dior'], ['jordan']]"
Se Fue La Pantera,Grupo Recluta,2020.,"[['nissan'], ['rosario']]"
É Sal,Matuê,2020.,"[[], ['manaus']]"
Think About Things,Daði Freyr,2020.,"[[], []]"
It's Ok If You Forget Me,Astrid S,2020.,"[[], []]"
I Should Probably Go To Bed,Dan + Shay,2020.,"[[], []]"
Standard,KITSCHKRIEG,2020.,"[['balenciaga'], ['miami']]"
Yo No Sé,Rvfv,2020.,"[[], []]"
People,Agust D,2020.,"[[], []]"
Narcos,Anuel AA,2020.,"[['google'], []]"
The Story,Conan Gray,2020.,"[[], []]"
AYAYAY!,Christian Nodal,2020.,"[[], []]"
Intro,Junior H,2020.,"[[], []]"
Paparazzi,Kim Dracula,2020.,"[[], []]"
Coño,Jason Derulo,2020.,"[[], []]"
Rockstar Made,Playboi Carti,2020.,"[['aston'], ['l.a.']]"
Hard To Forget,Sam Hunt,2020.,"[[], []]"
Nunca Estoy,C. Tangana,2020.,"[[], ['van']]"
"No Suburban, Pt. 2",Sheff G,2020.,"[['glock'], []]"
Nangangamba,Zack Tabudlo,2020.,"[[], []]"
Selfless,The Strokes,2020.,"[[], []]"
Jolie nana,Aya Nakamura,2020.,"[[], []]"
Oh my god,(G)I-DLE,2020.,"[[], []]"
Girl Of My Dreams,Rod Wave,2020.,"[['nike'], []]"
Higher,Eminem,2020.,"[[], ['france']]"
Seguro Te Pierdo,Sergi,2020.,"[[], ['manhattan']]"
René,Residente,2020.,"[[], ['trujillo']]"
Figurinha,Douglas & Vinicius,2020.,"[[], []]"
LOST IN PARADISE,ALI,2020.,"[[], ['tokyo']]"
I Like Him,Princess Nokia,2020.,"[[], []]"
Superclassico,Ernia,2020.,"[[], []]"
Buss It,Erica Banks,2020.,"[['glock'], []]"
Be Something,Polo G,2020.,"[['benz', 'bentley', 'patek'], [""cali'""]]"
Conversations in the Dark,John Legend,2020.,"[[], []]"
El Manual,Anuel AA,2020.,"[[], []]"
Come Around Me,Justin Bieber,2020.,"[[], []]"
Perdiendo la Cabeza,Carlos Rivera,2020.,"[[], ['tanta']]"
Outro : Ego,BTS,2020.,"[[], []]"
Sodio,Danna Paola,2020.,"[[], []]"
Friendships (Lost My Love),Pascal Letoublon,2020.,"[[], []]"
Stuck In The Middle,Tai Verdes,2020.,"[[], []]"
ROLANDO (Caught In The Rain),DUSTY LOCANE,2020.,"[['dior', 'supreme'], []]"
Ridin’ Roads,Dustin Lynch,2020.,"[[], []]"
i miss u,Jax Jones,2020.,"[[], []]"
Blue Bills,DJ Scheme,2020.,"[['rollie', 'glock', 'porsche'], []]"
Good In Bed,Dua Lipa,2020.,"[[], []]"
Somos Los Que Somos,Los 2 de la S,2020.,"[[], []]"
시작,Gaho,2020.,"[[], []]"
Dance with Me,Diplo,2020.,"[[], []]"
Bi Sonraki Hayatımda Gel,Murda,2020.,"[['gucci'], []]"
Single Saturday Night,Cole Swindell,2020.,"[[], []]"
Que Sea,Joan Sebastian,2020.,"[[], []]"
Modern Loneliness,Lauv,2020.,"[[], []]"
Me Provocas,Dynoro,2020.,"[[], []]"
Ah Canım Sevgilim,Rei 6,2020.,"[[], []]"
Monster,Red Velvet-IRENE & SEULGI,2020.,"[[], []]"
Comfort Crowd,Conan Gray,2020.,"[[], []]"
Kick It,NCT 127,2020.,"[[], []]"
Mds,Kawe,2020.,"[[], []]"
Zoo York,Lil Tjay,2020.,"[['birkin', 'glock', 'cartier', 'patek', 'henny'], []]"
That Just Isn't Empirically Possible,$uicideboy$,2020.,"[['glock', 'xanax'], []]"
Bläulich,Apache 207,2020.,"[['benz'], []]"
Love To Go,Lost Frequencies,2020.,"[[], []]"
Fukakoryoku,Vaundy,2020.,"[[], []]"
17,Pink Sweat$,2020.,"[[], []]"
Window,Still Woozy,2020.,"[[], []]"
Bad Child,Tones And I,2020.,"[[], []]"
I Love You's,Hailee Steinfeld,2020.,"[[], []]"
Your Man,Joji,2020.,"[[], []]"
A Un Paso De La Luna,Ana Mena,2020.,"[[], []]"
Poco,Reik,2020.,"[[], []]"
I Dunno,Tion Wayne,2020.,"[['louboutin'], ['edmonton']]"
Viva Voz,Lauana Prado,2020.,"[[], []]"
1 Scale,Young Dolph,2020.,"[['chanel', 'fendi', 'bentley', 'glock', 'benz', 'dior', 'prada'], ['memphis']]"
Solitaires,Future,2020.,"[['louis', 'prada', 'lamborghini'], []]"
LMK,Lil Xxel,2020.,"[[], []]"
Can I,Kehlani,2020.,"[['uber'], []]"
Esquema Preferido,DJ Ivis,2020.,"[[], []]"
Good Girl,Dustin Lynch,2020.,"[[], []]"
Make It Rain,Pop Smoke,2020.,"[['rover'], []]"
Miami Vibe,Código FN,2020.,"[['rolls-royce'], ['miami', 'colombia']]"
I Want It,Juice WRLD,2020.,"[['dior'], []]"
"Stand by me, Stand by you.",HIRAIDAI,2020.,"[[], []]"
Screw Juice,Juice WRLD,2020.,"[['lamborghini', 'gucci'], []]"
Fame,Apache 207,2020.,"[['benz'], []]"
Woods,Mac Miller,2020.,"[[], []]"
Psicodelica,Junior H,2020.,"[[], []]"
Naked Heart,Aimyon,2020.,"[[], []]"
Más De Lo Que Aposté,Aitana,2020.,"[[], []]"
Perfect,Logic,2020.,"[[], []]"
É Problema,Matheus & Kauan,2020.,"[[], []]"
Colocao,Nicki Nicole,2020.,"[[], []]"
lie to me,Tate McRae,2020.,"[[], []]"
i don't want to watch the world end with someone else,Clinton Kane,2020.,"[[], []]"
Vete Pal Carajo,Yan Block,2020.,"[[], []]"
Saturno,BIN,2020.,"[[], []]"
Die Very Rough,Mario Judah,2020.,"[[], []]"
Darkness,Eminem,2020.,"[[], ['vegas', 'mandalay', 'texas', 'houston', 'california', 'dayton', 'ohio']]"
queen of broken hearts,blackbear,2020.,"[[], []]"
Te Olvidé,Alejandro Fernández,2020.,"[[], []]"
Don't Leave Me Now,Lost Frequencies,2020.,"[[], []]"
Joy Of My Life,Chris Stapleton,2020.,"[[], []]"
Amor da Despedida,Os Barões Da Pisadinha,2020.,"[[], ['sorocaba']]"
Lose,NIKI,2020.,"[[], []]"
Joli bébé,Naza,2020.,"[['chanel', 'louis'], []]"
Still Your Best,Giveon,2020.,"[[], []]"
Hollywood,LA Vision,2020.,"[[], []]"
No Fue,Leebrian,2020.,"[[], []]"
A Un Passo Dalla Luna,Rocco Hunt,2020.,"[[], []]"
Make Me...,Britney Spears,2020.,"[[], ['vegas']]"
Mannequin,Pop Smoke,2020.,"[['dior', 'fanta', 'glock', 'gucci', 'louboutin', 'chevy'], []]"
Stacy,Quinn XCII,2020.,"[[], []]"
Cidade Inteira,Eric Land,2020.,"[[], []]"
Said Sum,Moneybagg Yo,2020.,"[[], []]"
Jueves 10,Junior H,2020.,"[[], []]"
No Me Pesa,Junior H,2020.,"[['champion', 'rolex'], ['chihuahua']]"
MÁS DE UNA CITA,Bad Bunny,2020.,"[[], []]"
Lighter,Nathan Dawe,2020.,"[[], []]"
Loco Tu Forma De Ser,Alberto Y Roberto,2020.,"[[], []]"
MAGO,GFRIEND,2020.,"[[], []]"
Aim For The Moon,Pop Smoke,2020.,"[['dior', 'prada'], ['miami']]"
Unaccommodating,Eminem,2020.,"[[], []]"
Lets Link,WhoHeem,2020.,"[['prada'], []]"
Destri,Gazzelle,2020.,"[[], []]"
Share That Love,Lukas Graham,2020.,"[[], []]"
Grand bain,Dadju,2020.,"[[], []]"
NUNU NANA,Jessi,2020.,"[[], []]"
The Blessing,Kari Jobe,2020.,"[[], []]"
Soul,Lee Brice,2020.,"[[], []]"
Many Men,21 Savage,2020.,"[['maybach', 'rari'], []]"
Mañana Es Too Late,Jesse & Joy,2020.,"[[], []]"
BENDICIONES,Bad Bunny,2020.,"[['yeezy'], ['miami']]"
High Right Now,Tyla Yaweh,2020.,"[[], []]"
Havin My Way,Lil Skies,2020.,"[['glock', 'louis', 'chanel'], ['chicago']]"
Jangueo,Anuel AA,2020.,"[['rover'], []]"
Dinner Guest,AJ Tracey,2020.,"[['cartier', 'burberry'], []]"
Missed You,The Weeknd,2020.,"[[], []]"
Must Have Been The Wind,Alec Benjamin,2020.,"[[], []]"
The Passenger (LaLaLa) [feat. MOKABY],LUM!X,2020.,"[[], []]"
Kitty Talk,City Girls,2020.,"[['bentleys', 'rovers', 'benz', 'birkin', 'gucci', 'chanel', 'louis', 'ysl'], []]"
Boyfriend,Selena Gomez,2020.,"[[], []]"
Black Magic,Jonasu,2020.,"[[], []]"
Perfectly Imperfect,Declan J Donovan,2020.,"[[], []]"
Escondidos,La Adictiva,2020.,"[[], []]"
P FKN R,Bad Bunny,2020.,"[['honda', 'panameras'], ['austin']]"
Putrid Pride,$uicideboy$,2020.,"[[], []]"
Not So Bad,Yves V,2020.,"[[], []]"
Bean (Kobe) [feat. Chief Keef],Lil Uzi Vert,2020.,"[['bentley', 'rollie', 'chanel'], ['philadelphia']]"
Gnat,Eminem,2020.,"[['corona'], ['hiroshima']]"
Ilusão (Cracolândia),MC Hariel,2020.,"[[], ['salvador']]"
Too Comfortable,Future,2020.,"[['lamborghini', 'celine', 'louis', 'givenchy'], []]"
Juramento eterno de sal,Álvaro De Luna,2020.,"[[], ['portugal']]"
Boys Will Be Boys,Dua Lipa,2020.,"[[], []]"
Mela!,Ryokuoushoku Shakai,2020.,"[[], []]"
The Cut That Always Bleeds,Conan Gray,2020.,"[[], []]"
Voilà,Barbara Pravi,2020.,"[[], []]"
if this is the last time,LANY,2020.,"[[], []]"
Thodi Jagah,Arijit Singh,2020.,"[[], []]"
Hand Me Downs,Mac Miller,2020.,"[[], []]"
Fútbol & Rumba,Anuel AA,2020.,"[['hennessy'], []]"
Mejor,Dalex,2020.,"[[], []]"
Devil's Advocate,The Neighbourhood,2020.,"[['nikes'], []]"
Comprei um Lança,Mc Jacaré,2020.,"[[], []]"
Bunny Girl,1nonly,2020.,"[[], []]"
2hrs,tobi lou,2020.,"[[], []]"
Favorite Mistake,Giveon,2020.,"[['uber'], ['la']]"
Creep,R3HAB,2020.,"[[], []]"
Interlude : Shadow,BTS,2020.,"[[], []]"
Angela,Hatik,2020.,"[[], []]"
LA DI DA,EVERGLOW,2020.,"[[], []]"
On That Time,Playboi Carti,2020.,"[[], []]"
Último Beijo,Bruno & Marrone,2020.,"[[], []]"
Acaso,Vitor Fernandes,2020.,"[[], []]"
Prices,Lil Uzi Vert,2020.,"[['rolls-royce', 'off-white'], ['germany']]"
Tangerine,Glass Animals,2020.,"[[], []]"
closure,Taylor Swift,2020.,"[[], []]"
Moana,G-Eazy,2020.,"[['cîroc'], ['samoa', 'miami', 'oakland']]"
Weekend,LIZOT,2020.,"[[], []]"
MARCELINE,Lil God Dan,2020.,"[[], []]"
Mind Is A Prison,Alec Benjamin,2020.,"[[], ['california']]"
