Artist,Title,Streams,Daily
The Kid LAROI,STAY,"3,189,828,669","1,690,486"
Olivia Rodrigo,drivers license,"2,231,382,259","854,546"
Olivia Rodrigo,good 4 u,"2,212,441,075","815,993"
Maroon 5,Memories,"2,043,430,426","764,244"
Lil Nas X,INDUSTRY BABY,"2,039,800,435","457,990"
Lil Nas X,MONTERO (Call Me By Your Name),"1,927,677,038","574,489"
24kGoldn,Mood,"1,901,466,734","629,941"
Doja Cat,Kiss Me More,"1,870,731,267","850,781"
Ed Sheeran,Bad Habits,"1,782,402,298","522,307"
Adele,Easy On Me,"1,776,181,842","1,338,574"
Doja Cat,Woman,"1,657,940,953","691,184"
Olivia Rodrigo,deja vu,"1,657,397,953","907,313"
Justin Bieber,Ghost,"1,645,547,832","1,107,666"
Justin Bieber,Peaches,"1,637,957,492","516,864"
Olivia Rodrigo,traitor,"1,617,410,394","982,188"
Ed Sheeran,Shivers,"1,606,509,140","721,396"
Imagine Dragons,Enemy,"1,543,151,452","764,669"
Farruko,Pepas,"1,530,015,594","615,020"
Bad Bunny,Yonaguni,"1,417,314,633","394,932"
Rauw Alejandro,Todo De Ti,"1,384,454,916","988,112"
Billie Eilish,Happier Than Ever,"1,357,890,738","681,603"
Bruno Mars,Leave The Door Open,"1,347,427,788","514,258"
Coldplay,My Universe,"1,299,876,794","496,790"
Lost Frequencies,Where Are You Now,"1,285,106,051","1,377,506"
BTS,Butter,"1,274,710,118","303,790"
LISA,MONEY,"1,217,586,033","394,017"
Doja Cat,Need to Know,"1,196,347,760","340,446"
Olivia Rodrigo,happier,"1,174,847,401","809,433"
GAYLE,abcdefu,"1,143,073,107","270,377"
Surf Curse,Freaks,"1,130,328,738","820,944"
Olivia Rodrigo,favorite crime,"1,101,721,517","841,831"
Måneskin,I WANNA BE YOUR SLAVE,"1,088,650,909","787,783"
Lil Nas X,THATS WHAT I WANT,"1,078,345,368","279,514"
Rauw Alejandro,Desesperados,"1,075,725,023","1,232,406"
Stephen Sanchez,Until I Found You,"1,062,658,933","796,300"
Riton,Friday,"998,010,801","358,749"
The Weeknd,Pray For Me,"939,998,744","435,468"
The Kid LAROI,WITHOUT YOU,"939,027,645","190,611"
Polo G,RAPSTAR,"938,590,844","297,843"
Tainy,Lo Siento BB:/,"933,748,325","464,099"
Olivia Rodrigo,"jealousy, jealousy","920,590,543","657,013"
Taylor Swift,All Too Well (10 Minute Version) (Taylor's Version) (From The Vault),"872,548,547","543,329"
Marshmello,Leave Before You Love Me,"870,867,692","398,455"
Tory Lanez,The Color Violet,"858,328,135","998,929"
Doja Cat,You Right,"854,347,940","366,092"
Sleepy Hallow,2055,"850,097,508","800,232"
Drake,Fair Trade,"841,547,448","424,516"
Tiësto,The Motto,"840,951,280","368,012"
Sebastian Yatra,Pareja Del Año,"834,656,630","316,965"
Baby Keem,family ties,"825,453,532","564,415"
ACRAZE,Do It To It,"825,301,926","391,286"
J Balvin,Qué Más Pues?,"824,956,446","250,739"
Drake,Wants and Needs,"807,363,702","265,229"
Taylor Swift,Love Story (Taylor’s Version),"806,355,006","828,287"
Aventura,Volví,"796,628,998","309,227"
Lil Tjay,Calling My Phone,"791,158,433","275,126"
Travis Scott,Goosebumps,"780,399,119","238,493"
Little Mix,Shout Out to My Ex,"764,045,847","139,678"
Taylor Swift,Wildest Dreams (Taylor's Version),"762,724,293","571,344"
Justin Bieber,Hold On,"760,089,762","188,770"
Morgan Wallen,Wasted On You,"756,256,392","728,176"
TINI,Miénteme,"755,444,982","634,235"
Drake,Knife Talk,"746,559,843","272,756"
Maroon 5,Beautiful Mistakes,"745,103,910","271,326"
ATB,Your Love (9PM),"736,845,409","305,422"
MEDUZA,Paradise,"735,388,538","189,096"
Mora,Volando,"715,442,991","260,459"
zzoilo,Mon Amour,"705,973,887","332,721"
BoyWithUke,Toxic,"704,467,085","292,972"
Tiësto,Don't Be Shy,"701,392,170","307,347"
Taylor Swift,You Belong With Me (Taylor’s Version),"700,698,199","777,105"
Justin Bieber,Anyone,"698,277,349","157,842"
Marc Seguí,Tiroteo,"689,725,755","528,353"
BTS,Permission to Dance,"685,635,452","181,021"
Gera MX,Botella Tras Botella,"664,744,631","282,681"
Sebastian Yatra,Tacones Rojos,"658,006,085","309,856"
Olivia Rodrigo,brutal,"657,956,048","338,338"
Cardi B,Up,"655,660,615","203,013"
INTERWORLD,METAMORPHOSIS,"650,730,909","489,500"
Rauw Alejandro,Cúrame,"648,643,665","1,217,357"
Anitta,Envolver,"646,123,064","215,273"
Post Malone,One Right Now,"643,248,083","211,248"
PinkPantheress,Pain,"637,418,663","956,347"
The Rare Occasions,Notion,"630,143,643","567,997"
Doja Cat,Get Into It (Yuh),"614,873,033","223,393"
Maluma,Sobrio,"609,592,697","182,177"
CKay,love nwantiti,"604,063,677","158,446"
Los Legendarios,Fiel,"603,535,942","148,542"
KAROL G,EL MAKINON,"586,136,960","241,743"
OneRepublic,Run,"585,650,366","307,145"
Saweetie,Best Friend,"584,366,162","249,891"
Oliver Tree,Life Goes On,"578,760,627","170,998"
Nio Garcia,AM Remix,"578,127,298","132,841"
Gabry Ponte,Thunder,"577,079,371","429,813"
Adele,Oh My God,"571,863,423","225,121"
Drake,Way 2 Sexy,"567,411,294","142,920"
Peso Pluma,Por Las Noches,"553,775,969","237,975"
Troye Sivan,Angel Baby,"549,127,238","305,905"
Trippie Redd,Miss The Rage,"547,333,560","203,840"
Rauw Alejandro,2/Catorce,"543,745,667","167,938"
Ingratax,París,"533,692,350","108,302"
LISA,LALISA,"524,939,547","266,751"
Matt Sassari,Give It To Me,"523,823,904","878,423"
Madison Beer,Reckless,"523,555,365","357,129"
Dua Lipa,We're Good,"522,183,718","100,839"
Joel Corry,OUT OUT,"521,250,601","238,405"
Rvssian,Nostálgico,"513,521,058","171,362"
Majestic,Rasputin,"512,506,250","271,564"
Cochise,Tell Em,"510,398,051","197,185"
DVRST,Close Eyes,"508,057,105","212,794"
Olivia Rodrigo,"1 step forward, 3 steps back","505,889,735","363,263"
Camila Cabello,Don't Go Yet,"505,868,951","119,324"
Billie Eilish,Happier Than Ever,"503,410,766","116,431"
NEIKED,Better Days (NEIKED x Mae Muller x Polo G),"496,791,464","170,326"
Galantis,Heartbreak Anthem,"494,690,830","131,779"
JVKE,this is what falling in love feels like,"494,507,001","318,700"
J Balvin,In Da Getto,"492,542,477","157,449"
Mora,512,"490,981,451","288,070"
Joel Corry,BED,"489,288,190","118,585"
Jordan Davis,Buy Dirt,"487,922,547","546,724"
Måneskin,ZITTI E BUONI,"487,087,024","190,988"
Selena Gomez,Baila Conmigo,"482,842,548","66,234"
Tiago PZK,Entre Nosotros,"482,355,154","193,758"
bbno$,edamame,"478,841,302","308,095"
Eyedress,Something About You,"477,554,723","775,189"
Bruno Mars,Smokin Out The Window,"474,064,549","188,183"
Olivia Rodrigo,enough for you,"470,960,577","254,438"
The Weeknd,Take My Breath,"469,219,021","72,841"
Becky Hill,Remember,"468,761,984","278,892"
Drake,Girls Want Girls,"468,492,892","170,909"
SZA,I Hate U,"467,089,861","182,607"
Shouse,Love Tonight (David Guetta Remix Edit),"466,782,977","311,897"
Bizarrap,"Tiago PZK: Bzrp Music Sessions, Vol. 48","462,977,347","163,474"
Kanye West,Praise God,"460,711,458","186,747"
Blessd,Medallo,"459,584,048","145,496"
Bella Poarch,Build a Bitch,"458,070,792","105,080"
Jason Derulo,Acapulco,"451,469,223","171,270"
Nathan Evans,Wellerman,"450,527,372","129,149"
ROSÉ,On The Ground,"447,801,215","290,507"
P!nk,Cover Me In Sunshine,"447,514,963","159,801"
J. Cole,m y . l i f e,"445,751,419","181,846"
OneRepublic,Sunshine,"445,497,153","312,438"
Calibre 50,A La Antigüita,"444,512,455","202,969"
TWICE,The Feels,"441,936,730","183,361"
LAGOS,Mónaco,"440,591,582","621,455"
Amaarae,SAD GIRLZ LUV MONEY Remix,"437,604,283","205,140"
AJR,Bang!,"435,880,802","172,145"
The Kid LAROI,SO DONE,"433,634,551","83,091"
Billie Eilish,Your Power,"431,964,575","156,743"
Jamie Miller,Here's Your Perfect,"430,897,281","215,986"
Taylor Swift,The Way I Loved You (Taylor’s Version),"428,394,561","268,252"
Clinton Kane,I GUESS I'M IN LOVE,"426,754,572","168,667"
Justin Quiles,Loco,"424,420,863","122,103"
Imagine Dragons,Follow You,"422,660,677","200,513"
JHAYCO,Ley Seca,"421,403,033","165,487"
Mareux,The Perfect Girl,"420,481,536","361,244"
Feby Putri,Runtuh,"418,090,187","567,661"
Nathan Evans,Wellerman,"417,996,023","248,592"
Kanye West,Hurricane,"410,368,872","105,470"
Conan Gray,People Watching,"408,607,626","257,339"
V,Christmas Tree,"407,168,378","141,184"
Post Malone,Motley Crew,"406,007,244","116,200"
Benson Boone,Ghost Town,"405,282,681","418,591"
Lil Tjay,Run It Up,"401,477,538","157,937"
Shawn Mendes,Summer of Love (Shawn Mendes & Tainy),"398,879,648","113,440"
Tai Verdes,AOK,"398,850,862","168,574"
NIKI,Every Summertime,"396,759,020","254,834"
Little Mix,Touch,"396,628,393","67,614"
Tom Grennan,Little Bit of Love,"395,897,774","117,898"
Morgan Wallen,Sand In My Boots,"395,107,659","307,258"
Tainy,Agua,"394,557,337","52,698"
Ofenbach,Wasted Love,"393,898,743","213,386"
Yeat,Monëy so big,"390,948,444","251,046"
Drake,What’s Next,"387,233,709","73,872"
Taylor Swift,Mr. Perfectly Fine (Taylor’s Version) (From The Vault),"379,989,000","183,758"
Öwnboss,Move Your Body,"379,396,187","250,033"
Don Omar,Bandoleros,"379,305,457","232,118"
Lil Durk,Broadway Girls,"375,081,180","594,300"
Taylor Swift,I Knew You Were Trouble (Taylor's Version),"373,436,354","411,890"
J. Cole,p r i d e . i s . t h e . d e v i l,"372,435,946","100,839"
Rochy RD,Ella No Es Tuya,"369,170,956","83,066"
Montell Fish,Fall in Love with You.,"367,411,275","525,455"
Henrique & Juliano,Arranhão,"366,064,059","98,722"
Drake,Yebba’s Heartbreak,"365,322,834","295,146"
Nio Garcia,AM,"363,655,279","44,743"
DJ Khaled,EVERY CHANCE I GET,"360,981,447","146,636"
Coldplay,Higher Power,"359,949,619","170,378"
Fred again..,Marea (we’ve lost dancing),"358,980,374","390,392"
KAROL G,SEJODIOTO,"358,188,714","140,005"
Grupo Firme,Ya Supérame (En Vivo),"357,421,129","233,358"
Taylor Swift,We Are Never Ever Getting Back Together (Taylor's Version),"356,962,900","372,903"
KAROL G,200 COPAS,"355,990,979","337,833"
Sech,911,"355,147,071","48,266"
Ashnikko,Slumber Party,"354,747,365","149,049"
Sech,911 (Remix),"354,270,248","96,154"
J Balvin,Poblado,"353,980,717","120,954"
AJR,World's Smallest Violin,"353,155,567","183,117"
Shawn Mendes,It'll Be Okay,"350,925,803","114,437"
LeeHi,ONLY,"350,842,891","303,426"
Marca MP,Ya Acabo,"347,037,706","123,896"
Central Cee,Obsessed With You,"346,240,868","169,055"
ENHYPEN,FEVER,"345,824,720","178,274"
Billie Eilish,NDA,"344,504,732","197,862"
Justin Bieber,Off My Face,"344,052,640","173,185"
"Tyler, The Creator",WUSYANAME,"343,036,065","200,645"
Lil Tecca,LOT OF ME,"342,541,781","459,711"
Egzod,Royalty,"342,184,225","486,588"
Taylor Swift,right where you left me,"342,101,063","245,641"
ROSÉ,Gone,"341,330,022","174,772"
Walker Hayes,Fancy Like,"337,498,309","166,129"
Lil Tjay,Headshot,"337,296,639","109,562"
Ashe,Till Forever Falls Apart,"336,555,736","197,814"
Tion Wayne,"Body (Remix) [feat. ArrDee, E1 (3x3), ZT (3x3), Bugzy Malone, Buni, Fivio Foreign & Darkoo]","334,255,117","80,100"
Olivia Rodrigo,hope ur ok,"333,270,924","130,764"
Ed Sheeran,Overpass Graffiti,"332,688,317","88,490"
Key Glock,Ambition For Cash,"332,035,926","316,621"
Latto,Big Energy,"331,484,556","136,856"
KAROL G,EL BARCO,"327,441,193","520,789"
Billie Eilish,Billie Bossa Nova,"326,601,143","298,238"
Megan Thee Stallion,Thot Shit,"325,567,255","107,354"
Fireboy DML,Peru,"324,683,478","173,183"
Luude,Down Under,"324,614,287","200,024"
Ryan Castro,Monastery,"322,547,934","303,935"
Russ,3:15 (Breathe),"321,564,626","347,583"
Baby Keem,16,"321,109,697","283,231"
Tiago PZK,Salimo de Noche,"321,083,553","99,426"
YOASOBI,怪物,"320,617,548","164,271"
Bizarrap,"Eladio Carrion: Bzrp Music Sessions, Vol. 40","320,335,073","134,019"
Imagine Dragons,Enemy,"319,736,231","119,997"
Taylor Swift,Fearless (Taylor’s Version),"319,575,514","373,740"
Regard,You,"318,375,756","91,764"
Imagine Dragons,Wrecked,"316,331,345","125,824"
Kungs,Never Going Home,"315,695,160","230,142"
Drake,Champagne Poetry,"314,388,768","107,897"
George Henrique & Rodrigo,Vai Lá Em Casa Hoje,"314,052,016","204,390"
Matisse,Como Lo Hice Yo,"313,807,548","166,112"
IVE,ELEVEN,"313,792,054","127,273"
Tanishk Bagchi,"Raataan Lambiyan (From ""Shershaah"")","313,115,045","518,099"
Billie Eilish,Lost Cause,"312,746,293","138,663"
Lana Del Rey,Chemtrails Over The Country Club,"310,837,933","412,523"
Becky Hill,My Heart Goes (La Di Da),"309,361,866","181,472"
Kanye West,Moon,"306,869,462","128,846"
Ruth B.,Dandelions,"303,945,881","133,270"
ENHYPEN,Drunk-Dazed,"301,841,570","181,006"
Rauw Alejandro,Sexo Virtual,"301,207,668","146,488"
Conan Gray,Astronomy,"301,186,434","206,680"
Taylor Swift,22 (Taylor's Version),"299,937,289","298,020"
Lyodra,Pesan Terakhir,"299,548,594","687,251"
Taylor Swift,Red (Taylor's Version),"298,407,186","196,391"
PinkPantheress,Break It Off,"297,447,641","180,152"
DJ Snake,SG,"296,323,015","115,204"
João Gomes,Meu Pedaço de Pecado,"296,292,538","148,507"
Brent Faiyaz,"GRAVITY (FEAT. TYLER, THE CREATOR)","294,800,750","121,446"
Ryan Castro,Mujeriego,"293,842,201","151,637"
Sarah Cothran,As the World Caves In,"291,579,771","124,163"
Alvaro Diaz,Problemón,"289,948,393","309,190"
Kordhell,Live Another Day,"289,713,787","111,272"
KXLLSWXTCH,WASTE,"289,091,230","361,802"
Madness,Our House,"288,247,777","158,376"
Alesso,When I’m Gone,"284,763,249","84,741"
Grupo Los de la O,Fuga Pa Cali 2,"282,672,588","155,613"
Hensonn,Sahara,"282,413,080","137,187"
Israel & Rodolffo,Batom de Cereja,"281,720,939","38,720"
"Tyler, The Creator",SWEET / I THOUGHT YOU WANTED TO DANCE,"281,543,876","209,684"
Young Stoner Life,Solid,"280,848,785","66,557"
Wisin,Fiel,"279,663,957","52,004"
Sidhu Moose Wala,295,"279,649,596","208,216"
WILLOW,t r a n s p a r e n t s o u l feat. Travis Barker,"279,180,211","66,262"
The Kid LAROI,"F*CK YOU, GOODBYE","278,372,262","105,980"
JNR CHOI,TO THE MOON,"277,921,341","63,989"
Trueno,DANCE CRIP,"277,820,970","198,622"
Bizarrap,"L-Gante: Bzrp Music Sessions, Vol.38","277,025,679","66,356"
PlayaPhonk,Phonky Town,"276,563,070","70,689"
Mora,Tuyo,"276,097,958","373,821"
Summer Walker,No Love,"276,079,986","195,466"
Camilo,Índigo,"275,785,961","98,031"
Feid,FRIKI,"275,396,582","405,019"
Billie Eilish,Halley's Comet,"275,262,524","228,809"
Eladio Carrion,Me Gustas Natural,"274,618,782","237,967"
Ivan Cornejo,Está Dañada,"272,753,053","164,677"
Kanye West,Off The Grid,"271,886,493","85,214"
Chani Nattan,Daku,"271,736,674","157,936"
Maluma,Aloha,"271,304,680","91,012"
Taylor Swift,All Too Well (Taylor's Version),"271,166,553","182,480"
Jeremy Zucker,this is how you fall in love,"270,990,631","107,165"
Henrique & Juliano,A Maior Saudade,"270,309,805","113,021"
Zack Tabudlo,Pano,"269,362,920","151,829"
Cody Johnson,Til You Can't,"269,094,775","208,411"
Sech,Sal y Perrea,"268,730,772","40,942"
Christian Nodal,La Sinvergüenza,"267,557,656","152,023"
Trueno,FEEL ME??,"266,750,700","225,311"
Shubh,We Rollin,"266,077,316","145,208"
Ryan Castro,Malory,"264,893,423","229,971"
Joyner Lucas,Ramen & OJ,"264,774,192","86,752"
TOMORROW X TOGETHER,0X1=LOVESONG (I Know I Love You) feat. Seori,"264,673,135","116,881"
Giveon,For Tonight,"264,454,368","96,321"
ITZY,LOCO,"264,360,681","98,562"
J. Cole,a m a r i,"264,259,659","79,422"
KSLV Noh,Disaster,"263,488,584","89,567"
Roddy Ricch,late at night,"262,927,985","86,669"
Emmy Meli,I AM WOMAN,"261,942,278","80,699"
Yng Lvcas,La Bebe,"261,866,114","123,647"
Adele,I Drink Wine,"261,507,219","188,172"
Matheus Fernandes,Baby Me Atende,"260,377,733","42,179"
siouxxie sixxsta,masquerade,"260,085,109","109,764"
Stray Kids,Thunderous,"259,851,574","126,455"
NATTI NATASHA,Ram Pam Pam,"259,665,403","45,690"
DEKKO,12x3,"259,602,221","102,418"
BTS,Film out,"258,505,327","46,892"
Becky G,FULANITO,"258,375,458","78,430"
Calvin Harris,By Your Side,"257,683,399","65,896"
Shania Twain,Any Man Of Mine,"257,576,602","172,021"
Vance Joy,Missing Piece,"255,647,738","112,851"
Myke Towers,ALMAS GEMELAS,"255,275,062","142,297"
Bruno Mars,Skate,"255,108,035","115,185"
Ariana Grande,34+35 Remix,"255,054,219","67,202"
David Guetta,Memories,"255,016,379","147,672"
Nardo Wick,Who Want Smoke??,"254,284,217","106,875"
aespa,Next Level,"253,801,865","166,425"
YBN Nahmir,Opp Stoppa,"252,899,087","139,991"
Coldplay,Let Somebody Go,"252,020,632","105,319"
StarBoi3,Dick,"250,959,540","71,279"
Alan Walker,Sweet Dreams,"250,405,902","105,485"
Los Ángeles Azules,Otra Noche,"248,962,499","203,703"
The Kid LAROI,WITHOUT YOU,"248,211,431","45,377"
ERNEST,Flower Shops,"246,796,084","180,763"
El Alfa,La Mamá de la Mamá,"246,742,816","226,754"
Camilo,KESI,"246,160,800","69,496"
Anne-Marie,Our Song,"245,500,313","54,822"
Ángela Aguilar,Dime Cómo Quieres,"243,586,388","125,734"
Ed Sheeran,Visiting Hours,"243,270,124","71,513"
Dave,Clash,"242,756,628","90,183"
Dímelo Flow,Se Le Ve,"242,117,429","36,575"
Bruno Mars,After Last Night,"241,988,795","174,735"
Emilia,como si no importara,"241,511,856","155,494"
Jorge & Mateus,Molhando o Volante,"241,314,912","57,718"
Billie Eilish,Getting Older,"239,608,667","156,806"
Juice WRLD,Bad Boy,"239,506,370","73,732"
Sub Urban,INFERNO,"239,085,074","99,733"
OFFICIAL HIGE DANDISM,Cry Baby,"238,775,659","89,972"
KAROL G,LOCATION,"238,457,460","36,737"
Rauw Alejandro,Aquel Nap ZzZz,"238,178,527","132,731"
Carlos Vives,Canción Bonita,"236,924,757","103,055"
Rauw Alejandro,La Old Skul,"236,205,869","217,434"
Aimer,残響散歌,"235,659,238","161,567"
Marília Mendonça,Troca de Calçada,"235,015,472","155,175"
Chayce Beckham,23,"234,437,578","323,561"
vaultboy,everything sucks,"234,201,458","102,895"
TINI,Bar,"233,806,072","50,764"
Justin Bieber,As I Am,"233,621,844","55,463"
AP Dhillon,TERE TE,"232,930,255","162,269"
Myke Towers,EXPERIMENTO,"232,876,944","88,828"
Henrique & Juliano,Acordo,"232,387,834","176,908"
aespa,Savage,"232,149,990","166,834"
Måneskin,CORALINE,"231,522,140","120,396"
347aidan,MEMORIES! (Bonus Track),"230,866,633","91,420"
Feid,SI TÚ SUPIERAS,"230,262,779","198,364"
Naps,La kiffance,"230,190,648","109,925"
Gusttavo Lima,Bloqueado,"229,370,712","49,201"
Sam Fender,Seventeen Going Under,"228,978,216","130,907"
TWICE,Alcohol-Free,"228,473,246","71,323"
Bo Burnham,Bezos I,"228,322,631","56,731"
RealestK,WFM,"228,209,830","86,819"
The Kid LAROI,ALWAYS DO,"228,043,648","53,901"
Internet Money,His & Hers,"227,449,471","52,304"
Natanael Cano,Porte Exuberante,"226,077,415","141,969"
Spice,Go Down Deh,"225,891,525","165,603"
Fuego,Una Vaina Loca,"225,866,327","56,836"
D-Block Europe,Overseas,"225,628,817","173,941"
Gusttavo Lima,Ficha Limpa,"225,560,257","41,241"
Fuerza Regida,Me Acostumbre A Lo Bueno,"225,516,402","134,669"
Leo Rizzi,Amapolas,"225,087,020","231,140"
John Mayer,I Guess I Just Feel Like,"224,281,812","45,704"
Taylor Swift,Nothing New,"224,165,566","129,032"
Maroon 5,Lost,"223,993,782","47,480"
El Fantasma,El Bélico,"223,260,667","125,538"
Drake,No Friends In The Industry,"222,972,144","71,639"
MEDUZA,Tell It To My Heart,"222,665,423","92,126"
Eladio Carrion,Hola Como Vas,"221,424,830","188,171"
TOMORROW X TOGETHER,LO$ER=LO♡ER,"220,990,997","87,869"
Adie,Paraluman,"220,907,963","159,343"
Mimi Webb,Good Without,"220,606,663","40,701"
Billie Eilish,I Didn't Change My Number,"220,563,723","210,641"
Bizarrap,"Nicky Jam: Bzrp Music Sessions, Vol. 41","220,420,199","35,955"
Arthur Nery,Pagsamo,"220,405,381","187,725"
DaBaby,Ball If I Want To,"219,765,646","44,108"
Taylor Swift,I Bet You Think About Me,"219,763,801","122,102"
La Santa Grifa,Amnesia,"219,689,355","166,450"
Matuê,Quer Voar,"219,688,557","66,757"
Luan Santana,MORENA,"218,416,594","54,363"
Teto,M4,"218,343,795","93,041"
Mahalini,Melawan Restu,"218,308,902","154,727"
Atif Aslam,Dil Diyan Gallan,"218,099,965","257,964"
Ed Sheeran,Merry Christmas,"217,705,734","10,254"
J Balvin,Una Nota,"217,082,450","26,161"
Black Gryph0n,Insane,"215,848,636","269,342"
Piso 21,Tan Bonita,"215,739,489","84,600"
Morat,Idiota,"215,624,681","126,507"
Gerardo Ortiz,Tranquilito,"215,120,716","87,435"
Fujii Kaze,きらり,"214,854,245","146,588"
Jossef,Persia,"214,663,381","174,810"
$uicideboy$,Avalon,"214,429,397","182,133"
Beret,Porfa no te vayas,"214,345,570","193,177"
Yeat,Sorry Bout That,"214,150,678","125,699"
Lil Tecca,NEVER LEFT,"214,087,781","63,878"
Nio Garcia,Travesuras,"213,610,608","38,210"
Alex Rose,Me Fije,"213,416,455","44,427"
Duki,Malbec,"213,066,674","118,359"
PEDRO SAMPAIO,GALOPA,"212,901,932","48,322"
Camilo,Machu Picchu,"212,889,656","57,681"
Baby Keem,lost souls,"211,194,860","77,575"
Sia,Floating Through Space,"210,708,298","27,825"
C. Tangana,Ateo,"210,447,404","86,621"
Rusherking,Además de Mí,"210,435,547","79,264"
Neoni,DARKSIDE,"209,298,294","244,173"
42 Dugg,4 Da Gang,"208,872,611","80,538"
Dustin Lynch,Thinking 'Bout You,"208,411,535","167,437"
Los Del Limit,Amor Fugaz,"208,268,077","121,722"
ITZY,In the morning,"208,136,581","49,161"
Tesher,Jalebi Baby (Tesher x Jason Derulo),"207,810,055","83,448"
Tiara Andini,Merasa Indah,"207,667,208","194,770"
Pashanim,Sommergewitter,"207,406,183","131,524"
Adele,Can I Get It,"207,343,279","80,424"
Little Mix,No More Sad Songs,"207,164,853","28,819"
Drake,TSU,"207,075,198","92,941"
Boza,Ella,"206,912,641","55,131"
The Kid LAROI,TRAGIC,"206,626,686","40,094"
Twenty One Pilots,Shy Away,"206,430,688","59,911"
Arthur Nery,Isa lang,"206,234,547","279,779"
Reik,Perfecta,"206,169,379","51,352"
BANDIDO,"No Me Conocen (Remix) [con DUKI, Rei & Tiago PZK]","206,057,516","55,910"
Chlöe,Have Mercy,"205,979,460","64,273"
Travis Scott,ESCAPE PLAN,"205,821,470","95,759"
Little Mix,Power,"205,222,020","21,075"
Lucky Daye,Over,"205,127,968","113,606"
Dan + Shay,Glad You Exist,"204,648,256","45,449"
Elle King,Drunk (And I Don't Wanna Go Home),"204,534,154","109,791"
Anuel AA,Súbelo,"204,264,890","66,737"
Jason Derulo,Lifestyle,"203,557,732","24,127"
Billie Eilish,Oxytocin,"203,493,357","138,835"
Lana Del Rey,Dealer,"203,215,268","154,785"
OneRepublic,Someday,"202,977,325","72,672"
TOMORROW X TOGETHER,Anti-Romantic,"202,923,997","49,693"
Weeekly,After School,"202,596,138","61,428"
Ryan Hurd,Chasing After You,"202,030,417","60,917"
Maroon 5,Nobody's Love,"201,436,362","30,588"
Tayrone,Cê Tá Preparada,"201,286,358","34,217"
Jelly Roll,Son Of A Sinner,"201,007,990","221,046"
Doja Cat,I Don't Do Drugs,"200,948,503","57,279"
Morgan Wallen,865,"200,873,009","116,364"
Zé Neto & Cristiano,Ela e Ela,"200,507,658","51,016"
Mari Fernandez,Parada Louca,"200,441,294","62,146"
KAROL G,CONTIGO VOY A MUERTE,"200,253,587","259,052"
CORPSE,HOT DEMON B!TCHES NEAR U ! ! !,"199,985,981","86,362"
Central Cee,Commitment Issues,"199,818,209","165,872"
Zoe Wees,Girls Like Us,"199,684,424","30,642"
Zé Neto & Cristiano,Você Beberia Ou Não Beberia?,"199,564,839","84,815"
Baby Keem,trademark usa,"199,403,822","89,825"
Sam Fischer,What Other People Say,"199,159,285","26,033"
Alok,Love Again,"198,824,399","61,350"
Ezekiel,help_urself,"198,574,417","123,443"
Los Plebes del Rancho de Ariel Camacho,2 Veces,"198,276,934","128,884"
Clinton Kane,CHICKEN TENDIES,"198,247,844","40,452"
Ricky Rich,Habibi,"197,996,700","139,009"
Taylor Swift,Message In A Bottle (Taylor's Version) (From The Vault),"197,967,791","135,955"
Shubh,Elevated,"197,923,693","130,609"
keshi,beside you,"197,870,420","125,437"
Tech N9ne,Face Off,"197,816,507","55,327"
Moneybagg Yo,Time Today,"197,717,751","125,081"
Raí Saia Rodada,Tapão Na Raba,"197,561,337","23,430"
Rebzyyx,all I want is you,"197,380,409","208,188"
Sabrina Carpenter,Skin,"196,887,429","92,249"
Reik,Los Tragos,"196,062,609","69,610"
Kaito Shoma,Scary Garry,"194,938,817","44,958"
SXMPRA,COWBELL WARRIOR!,"193,966,406","154,483"
DJ Matt D,Pandora,"193,685,622","55,811"
Lizzo,Rumors,"192,995,939","30,188"
Yuuri,ベテルギウス,"192,866,631","106,378"
IU,LILAC,"192,351,081","80,139"
BoyWithUke,Two Moons,"191,864,363","77,531"
Marília Mendonça,Todo Mundo Menos Você,"191,590,394","83,542"
Little Mix,Wasabi,"191,005,627","42,847"
Harrdy Sandhu,Bijlee Bijlee,"190,841,648","96,505"
A1 x J1,Latest Trends,"190,415,590","36,268"
Quevedo,Ahora y Siempre,"190,318,622","152,123"
Drake,Lemon Pepper Freestyle,"189,812,930","43,333"
MC Cabelinho,X1,"189,748,301","95,117"
MC Zaquin,Não Nasceu pra Namorar,"189,483,472","33,774"
Camilo,Millones,"189,393,109","67,939"
Billie Eilish,Male Fantasy,"189,218,401","115,882"
Skylar Grey,Last One Standing,"189,065,884","69,812"
Farruko,El Incomprendido,"188,911,855","53,316"
DaBaby,Masterpiece,"188,757,613","42,327"
Parmalee,Just the Way,"188,268,476","83,230"
Zack Tabudlo,Give Me Your Forever,"188,084,692","148,036"
Manuel Turizo,Mala Costumbre,"187,895,239","37,001"
Nicky Jam,Fan de Tus Fotos,"187,789,465","39,224"
MYA,2:50 Remix,"187,252,519","52,320"
Aitana,Formentera,"186,873,213","99,005"
Morgan Wallen,Dangerous,"186,623,285","293,304"
Mc Poze do Rodo,Vida Louca,"186,467,288","35,235"
Camilo,Ropa Cara,"186,446,104","20,380"
Zack Tabudlo,Binibini,"186,359,170","104,801"
RAF Camora,Blaues Licht,"186,259,506","82,236"
Misellia,Akhir Tak Bahagia,"185,824,528","395,158"
Normani,Wild Side,"184,963,480","53,266"
ASTN,Happier Than Ever,"184,653,395","54,185"
Calibre 50,Cuidando El Territorio,"184,502,318","64,308"
Bo Burnham,Welcome to The Internet,"184,420,346","86,792"
back number,水平線,"184,408,476","159,985"
Tory Lanez,Lavender Sunflower,"184,308,831","235,460"
Tani Yuuki,W / X / Y,"183,689,502","117,466"
BLANCO,MI FAI IMPAZZIRE,"183,605,668","45,616"
Randy,23 (With Ape Drums),"183,495,971","35,424"
Kelsea Ballerini,I Quit Drinking,"182,966,137","90,177"
Dermot Kennedy,Better Days,"182,456,970","63,402"
JIN,Yours,"181,928,110","80,019"
João Gomes,Aquelas Coisas,"181,882,765","85,426"
Celeste,Strange,"181,431,817","121,578"
C. Tangana,Ingobernable,"181,354,586","99,279"
The Kid LAROI,WRONG,"180,963,784","26,714"
Dhibu Ninan Thomas,Adiye,"180,606,951","129,230"
Luis R Conriquez,Me Metí En El Ruedo,"180,441,873","78,554"
Filipe Ret,Corte Americano,"180,194,320","139,239"
Lainey Wilson,Things A Man Oughta Know,"180,068,755","148,493"
Fernando & Sorocaba,Só Não Divulga,"179,491,488","24,547"
PinkPantheress,Just for Me,"179,459,521","78,275"
Montez,Auf & Ab,"179,158,821","98,896"
Paulo Pires,Ameaça,"179,150,913","29,330"
Taylor Swift,The Very First Night (Taylor's Version) (From The Vault),"178,448,178","99,369"
Yura Yunita,Tutur Batin,"178,395,995","169,805"
Lil Tecca,REPEAT IT,"178,380,357","40,477"
AP Dhillon,DESIRES,"178,158,774","87,329"
Tiara Andini,Janji Setia,"177,516,738","302,337"
Jubin Nautiyal,Lut Gaye,"176,935,268","83,293"
Purple Disco Machine,Fireworks,"176,860,185","74,575"
Justin Quiles,Colorín Colorado,"176,831,929","28,370"
Moss Kena,Fireworks,"176,710,330","70,153"
H.E.R.,Come Through,"176,539,759","69,350"
Mc Anjim,Bala Love,"176,101,992","58,666"
Ryan Castro,Wasa Wasa,"176,083,881","160,527"
Lola Indigo,La Niña de la Escuela,"175,850,854","60,406"
Kodak Black,Love & War,"175,494,235","102,122"
Daddy Yankee,PROBLEMA,"175,333,566","22,911"
Jessie Murph,Always Been You,"175,153,130","91,803"
Madonna,Frozen,"175,124,568","78,767"
Natanael Cano,Diamantes,"175,083,249","277,955"
Marília Mendonça,Não Sei o Que Lá,"174,941,193","60,274"
SEB,seaside_demo,"174,812,978","47,128"
Meek Mill,Sharing Locations,"174,658,259","35,948"
Bizarrap,"Snow Tha Product: Bzrp Music Sessions, Vol. 39","174,334,222","50,776"
Rels B,Como Antes,"174,326,628","132,301"
KSI,Holiday,"174,071,665","37,465"
The Kid LAROI,NOT SOBER,"173,959,989","32,293"
MAX,BUTTERFLIES,"173,808,369","42,409"
DaBaby,Red Light Green Light,"173,731,323","25,306"
El Fantasma,Soy Buen Amigo,"173,696,422","141,993"
Polo G,Epidemic,"173,569,229","35,871"
Smiley,Over The Top,"173,164,990","44,648"
Gusttavo Lima,Nota de Repúdio,"173,135,327","31,276"
Lil Nas X,SUN GOES DOWN,"173,065,722","27,447"
Only The Family,Hellcats & Trackhawks,"172,742,654","73,672"
DMNDS,Calabria,"172,397,001","47,979"
J. Cole,i n t e r l u d e,"172,316,464","37,802"
Nardo Wick,Me or Sum,"172,283,946","63,917"
David Guetta,If You Really Love Me (How Will I Know),"172,191,203","52,586"
Avine Vinny,Coração Cachorro,"171,848,881","17,798"
SwitchOTR,Coming for You,"171,638,345","34,319"
Cochise,POCKET ROCKET,"171,605,266","56,811"
Cean Jr.,YK,"171,397,037","270,043"
Ed Sheeran,2step,"171,029,384","49,104"
YoungBoy Never Broke Again,Nevada,"171,004,122","105,852"
Måneskin,MAMMAMIA,"170,680,718","157,090"
Malu,Disco Arranhado,"170,466,536","36,423"
AURORA,Cure For Me,"170,268,066","111,941"
J Balvin,Otra Noche Sin Ti,"170,018,810","31,480"
Nessa Barrett,la di die,"169,804,995","60,522"
Aldo Trujillo,Tan Solo Morro,"169,776,648","150,400"
Rod Wave,Street Runner,"169,597,696","116,443"
Drake,In The Bible,"169,538,405","48,200"
Fuerza Regida,Descansando,"169,480,482","119,704"
Polo Gonzalez,Tan Solo Morro,"169,475,847","140,254"
Jorge & Mateus,Paradigmas,"169,455,844","22,257"
Tokischa,Linda,"169,233,718","75,020"
SEVENTEEN,Rock with you,"168,876,342","123,058"
IU,Celebrity,"168,812,203","73,692"
Rod Wave,By Your Side,"168,689,983","76,820"
Young Thug,Bubbly,"168,628,779","56,802"
Justin Bieber,Unstable,"168,344,144","54,156"
Tarcísio do Acordeon,Rolê,"168,307,028","15,616"
Santa Fe Klan,Todo Va Estar Bien,"167,678,434","62,445"
Lyn Lapid,In My Mind,"167,176,919","143,995"
Ed Sheeran,2step,"167,062,359","50,861"
Drake,Fountains,"166,824,542","114,662"
Zé Felipe,Revoada No Colchão,"166,789,422","18,757"
Sadie Jean,WYD Now?,"166,520,486","66,973"
Rauw Alejandro,Cosa Guapa,"166,193,512","176,576"
Badshah,Jugnu,"165,845,789","73,057"
Kay Flock,PSA,"165,819,710","128,302"
Vitor e Luan,Localiza Aí BB,"165,779,463","62,502"
Drake,Pipe Down,"165,359,065","109,851"
Drake,Love All,"165,284,399","63,420"
Zé Felipe,Toma Toma Vapo Vapo,"165,079,648","19,043"
Polo G,Bad Man (Smooth Criminal),"164,806,570","38,690"
NF,CLOUDS,"164,389,862","60,608"
Niko Moon,GOOD TIME,"164,101,286","63,250"
Robin Schulz,Young Right Now,"163,675,145","49,911"
Eladio Carrion,No Te Deseo el Mal,"163,476,118","103,207"
BTS,Butter (Megan Thee Stallion Remix),"163,427,589","25,326"
Ofenbach,Hurricane,"163,275,113","108,591"
Yeat,Gët Busy,"162,814,159","96,205"
Martin Garrix,Pressure,"162,773,982","36,335"
Vaundy,踊り子,"162,483,102","222,894"
24kGoldn,Coco,"162,445,367","23,677"
Budi Doremi,Mesin Waktu,"162,358,522","119,778"
MC ORSEN,INCOMING,"162,140,639","42,404"
Adie,Tahanan,"161,662,381","175,774"
Alan Walker,Not You,"161,599,702","102,958"
Gera MX,Se Me Olvidó,"161,570,224","91,193"
Young Stoner Life,Ski,"161,485,404","50,579"
Pop Smoke,Woo Baby,"161,472,895","94,136"
Stray Kids,"Red Lights (Bang Chan, Hyunjin)","161,377,237","117,292"
Edgardo Nuñez,El Ruddy,"161,068,462","106,480"
João Gomes,Se For Amor,"160,941,511","48,606"
Tito Torbellino Jr,El Vago De Los Nike,"160,901,393","115,506"
Bo Burnham,Look Who’s Inside Again,"160,421,210","73,072"
Eladio Carrion,Sin Frenos,"160,392,946","92,987"
Justin Bieber,2 Much,"159,942,219","71,472"
Morgan Wallen,Warning,"159,641,500","119,368"
Mari Fernandez,"Não, Não Vou","159,564,692","20,513"
Wesley Safadão,Eu Já Tava Bem,"159,369,661","13,635"
Zack Tabudlo,Habang Buhay,"159,313,563","86,044"
Saucy Dog,シンデレラボーイ,"158,863,142","73,340"
Los Gemelos De Sinaloa,Si Me Ven,"158,723,479","130,887"
Navos,Believe Me,"158,708,384","40,819"
Morad,Pelele,"158,672,277","104,467"
Toby Romeo,Where The Lights Are Low,"158,545,041","34,459"
Lola Amour,Fallen,"158,432,923","127,495"
Lorde,Solar Power,"158,153,533","50,060"
Rkomi,NUOVO RANGE (con SFERA EBBASTA),"157,995,076","68,033"
Kane Brown,Memory,"157,986,007","50,243"
grentperez,Cherry Wine,"157,887,204","117,237"
Ninho,Jefe,"157,718,021","72,520"
Diego & Victor Hugo,Desbloqueado,"157,669,686","37,445"
Macaroni Empitsu,なんでもないよ、,"157,510,210","85,240"
Arthur Nery,TAKE ALL THE LOVE,"157,420,403","380,410"
Taylor Swift,Everything Has Changed,"157,327,284","123,389"
ZAYN,Vibez,"157,289,423","23,001"
Maria Becerra,Wow Wow,"157,253,872","22,718"
Chase Atlantic,OHMAMI,"157,170,798","102,492"
UZI,PAPARAZZI,"156,715,734","85,782"
Purple Disco Machine,Dopamine,"156,605,615","118,767"
Tory Lanez,Lady Of Namek,"156,479,506","147,980"
Ritviz,Liggi,"156,379,369","61,269"
Simone & Simaria,Foi Pá Pum,"156,009,777","25,618"
Rauw Alejandro,Desenfocao',"156,002,473","289,831"
GAYLE,abcdefu (angrier),"155,963,556","49,085"
B Praak,"Mann Bharryaa 2.0 (From ""Shershaah"")","155,678,694","135,006"
Justin Quiles,La Botella,"155,283,524","17,074"
PinkPantheress,I Must Apologise,"155,133,974","162,973"
Rels B,SHORTY QUE TE VAYA BN <3,"155,093,895","79,005"
Pop Smoke,AP,"154,880,295","25,061"
Clairo,Amoeba,"154,797,918","132,946"
Travis Scott,MAFIA,"154,648,603","88,237"
Jack Harlow,SUVs (Black on Black),"154,348,114","39,278"
Vishal-Shekhar,"Nashe Si Chadh Gayi (From ""Befikre"")","153,762,582","156,897"
Punto40,Mini Mini,"153,761,542","52,138"
Ado,踊,"153,675,003","94,871"
JEON SOMI,DUMB DUMB,"153,534,364","66,474"
OBOY,TDB,"153,507,530","90,100"
Lil Baby,Hats Off,"152,744,596","36,991"
Sam Kim,Love Me Like That,"152,185,741","62,971"
ArrDee,Oliver Twist,"152,145,811","40,127"
Mau y Ricky,Mal Acostumbrao,"151,865,741","30,388"
Billie Eilish,Lo Vas A Olvidar,"151,376,761","42,727"
Baby Keem,durag activity,"151,332,461","48,421"
P!nk,All I Know So Far,"151,252,225","45,174"
Bizarrap,"Morad: Bzrp Music Sessions, Vol. 47","151,246,179","59,886"
JHAYCO,Dile (Homenaje),"151,078,343","43,202"
Papa Roach,Born For Greatness,"151,015,384","42,641"
Knucks,Los Pollos Hermanos,"150,921,279","172,859"
L7NNON,Freio da Blazer,"150,907,845","97,771"
Yura Yunita,Dunia Tipu-Tipu,"150,598,876","120,222"
YOASOBI,あの夢をなぞって,"150,386,442","83,742"
Os Barões Da Pisadinha,Quero Ver é Me Esquecer,"150,043,696","11,263"
Young Thug,Livin It Up,"149,527,598","42,686"
Taylor Swift,Better Man (Taylor's Version) (From The Vault),"149,524,570","88,824"
Doja Cat,Been Like This,"149,149,244","52,978"
sangiovanni,malibu,"149,095,059","34,459"
Surfaces,Wave of You,"149,065,280","46,364"
Lost Frequencies,Rise,"149,011,368","36,355"
Fuerza Regida,Que Esta Pasando,"148,944,856","57,083"
DVRST,Close Eyes,"148,727,988","56,957"
Thomas Rhett,What’s Your Country Song,"148,553,197","95,586"
Sefo,Bilmem Mi?,"148,456,231","33,781"
Drake,Papi’s Home,"148,411,831","41,443"
Jorge & Mateus,Troca,"147,913,992","13,032"
Luke Combs,Doin' This,"147,912,096","70,186"
TALK,Run Away to Mars,"147,663,819","110,435"
Bizarrap,YaMeFui,"147,604,069","53,322"
UZI,Umrumda Değil,"147,548,794","60,063"
Sigala,You for Me,"147,196,771","27,796"
Jason Aldean,If I Didn’t Love You,"146,930,406","68,333"
UZI,CINDY,"146,765,158","71,307"
Rizky Febian,Hingga Tua Bersama,"146,683,199","101,170"
Dayglow,Close To You,"146,609,805","59,356"
VTORNIK,Money Rain,"146,012,209","58,362"
Wizkid,Essence,"145,310,619","63,834"
Arz,Alone With You,"145,224,371","42,045"
Polo G,GANG GANG,"145,199,112","24,653"
Tayc,Le temps,"145,032,972","115,003"
creamy,Past Lives,"145,009,482","79,883"
Anne-Marie,Kiss My (Uh Oh),"144,941,297","24,097"
Matheus & Kauan,Vagabundo,"144,674,879","32,987"
Matheus & Kauan,Expectativa x Realidade,"144,164,308","24,593"
Nessa Barrett,i hope ur miserable until ur dead,"144,124,554","74,466"
Standly,Mi Gata,"144,111,816","47,006"
"Tyler, The Creator",LUMBERJACK,"144,060,975","44,559"
NLE Choppa,Final Warning,"143,826,945","86,520"
Pi’erre Bourne,Drunk And Nasty,"143,729,028","68,435"
AJR,Way Less Sad,"143,676,375","73,621"
Giveon,All To Me,"143,668,525","112,630"
Tones And I,Cloudy Day,"143,609,025","69,916"
Can Koç,Gökyüzünü Tutamam,"143,355,090","47,187"
EDIS,Martılar,"143,303,737","97,161"
"Tyler, The Creator",JUGGERNAUT,"143,140,417","52,403"
DJ Snake,U Are My High,"143,039,826","40,018"
Conan Gray,Overdrive,"142,732,713","40,885"
Fuerza Regida,Los Mire Con Talento,"142,707,649","96,059"
Duki,TOP 5,"142,660,866","40,383"
Rod Wave,Tombstone,"142,633,146","105,552"
Bausa,Madonna,"142,072,372","85,496"
Lovejoy,One Day,"142,044,943","24,286"
TWICE,SCIENTIST,"141,842,920","36,045"
NCT DREAM,Hot Sauce,"141,814,040","75,064"
Feid,CHIMBITA,"141,655,824","85,569"
Taylor Swift,Run,"141,381,029","49,980"
Maria Becerra,Mi Debilidad,"141,214,599","40,055"
Russ Millions,Body,"140,993,457","27,464"
Lunay,TODO O NADA,"140,804,438","36,813"
Emir Can İğrek,Kor,"140,552,279","84,867"
Moneybagg Yo,Wockesha,"140,225,155","46,528"
John Mayer,Carry Me Away,"139,413,515","27,013"
Juice WRLD,Life's A Mess II,"139,258,289","47,241"
LANY,dancing in the kitchen,"138,893,322","44,378"
Ezhel,Bul Beni,"138,794,106","53,340"
Kanye West,Jail,"138,707,516","29,270"
1da Banton,No Wahala,"138,691,432","145,416"
girl in red,Serotonin,"138,688,694","39,922"
Drake,N 2 Deep,"137,905,684","55,295"
Zé Felipe,Senta Danada,"137,757,206","14,191"
Yeat,Turban,"137,270,715","67,758"
Migos,Straightenin,"137,255,016","27,757"
Halsey,Could Have Been Me,"137,064,135","160,440"
Camilo,KESI,"136,909,203","33,161"
Warren Zeiders,Ride the Lightning,"136,887,240","173,113"
11:11 Music Group,Past Lives,"136,647,411","77,803"
EDIS,Arıyorum,"136,631,608","58,911"
benny blanco,You,"136,070,647","16,661"
Sleepy Hallow,Basketball Dreams (Intro),"135,934,771","72,783"
Camilo,Manos de Tijera,"135,916,422","105,625"
Los Lara,Fumando Mota,"135,475,164","43,351"
Gunna,too easy,"134,980,817","34,347"
JESSIA,I'm not Pretty,"134,974,351","22,417"
ArrDee,Flowers (Say My Name),"134,952,383","45,407"
Anuel AA,Antes,"134,871,768","14,190"
Os Barões Da Pisadinha,Zero Saudade,"134,704,034","11,882"
Doja Cat,Naked,"134,659,707","32,530"
Demi Lovato,Met Him Last Night,"134,516,538","19,389"
Filipe Ret,F* F* M*,"134,425,469","88,451"
Maluma,Agua de Jamaica,"134,257,584","13,633"
VALORANT,Die For You,"134,177,517","92,810"
Bad Bunny,De Museo,"133,570,719","36,649"
Rod Wave,Richer,"133,443,833","41,638"
Jão,Idiota,"133,415,652","61,646"
Megan Thee Stallion,Megan's Piano,"133,386,117","94,680"
Kygo,Love Me Now,"133,157,606","30,537"
Manuel Turizo,Amor en Coma,"133,077,362","24,410"
Daviles de Novelda,Flamenco y Bachata,"133,033,238","43,806"
Duki,Pintao,"132,942,246","93,095"
Lil Nas X,SCOOP,"132,828,279","24,867"
Clean Bandit,Drive,"132,822,757","25,701"
Arcángel,Si Te Veo,"132,749,473","23,784"
Lupillo Rivera,Grandes Ligas,"132,630,270","51,091"
Bizarrap,"Ptazeta: Bzrp Music Sessions, Vol. 45","132,628,773","42,748"
Chris Lorenzo,California Dreamin',"132,490,588","94,287"
Central Cee,6 For 6,"132,242,744","55,351"
Laura Les,Haunted,"132,223,272","64,855"
Stromae,Santé,"132,216,029","59,210"
Wes Nelson,Nice To Meet Ya,"132,170,485","23,375"
Glass Animals,Heat Waves,"131,815,727","39,902"
Martin Garrix,We Are The People,"131,732,109","27,686"
Marina Sena,Por Supuesto,"131,688,088","40,387"
mgk,DAYWALKER!,"131,612,845","29,572"
Trippie Redd,Matt Hardy 999,"131,258,452","48,698"
Adele,My Little Love,"131,031,486","49,847"
Big Red Machine,Renegade,"130,914,422","105,948"
Ava Max,EveryTime I Cry,"130,622,704","21,152"
$uicideboy$,Ugliest,"130,397,448","78,833"
Doode,Groupies,"130,356,027","69,651"
Grupo Los de la O,El Fat Tony,"130,129,098","57,113"
LATIN MAFIA,Julieta,"130,120,558","135,168"
Morgan Wallen,Bandaid On A Bullet Hole,"130,021,345","87,702"
KASIMIR1441,Ohne Dich,"129,862,259","26,883"
UZI,Krvn,"129,602,326","32,973"
Dj Guuga,"Volta Bebê, Volta Neném","128,717,728","9,708"
Omah Lay,understand,"128,468,609","143,659"
Awesome City Club,勿忘,"128,458,464","29,709"
Seeb,Drink About,"128,175,703","6,961"
ART,Belgisches Viertel,"128,075,125","80,877"
AP Dhillon,SPACESHIP,"127,931,516","68,322"
Rain Radio,Talk About,"127,751,646","28,308"
Tayc,D O D O,"127,650,819","120,126"
Rhove,Shakerando,"127,565,504","38,613"
Taylor Swift,State Of Grace (Taylor's Version),"127,431,506","67,823"
Taylor Swift,Babe (Taylor's Version) (From The Vault),"127,113,327","78,740"
Pink Sweat$,At My Worst,"126,781,718","44,129"
STAYC,STEREOTYPE,"126,624,507","39,596"
MC Kevin o Chris,Tipo Gin,"126,550,500","12,172"
MACE,LA CANZONE NOSTRA ⟁ ︎(con BLANCO & SALMO),"126,378,091","34,337"
Kanye West,Believe What I Say,"126,272,659","38,581"
A Boogie Wit da Hoodie,Man in the Mirror,"126,227,288","41,578"
"Tyler, The Creator",HOT WIND BLOWS,"125,997,385","82,818"
Lil Baby,Real As It Gets,"125,817,610","30,863"
James Arthur,September,"125,801,687","26,621"
Nilesh Ahuja,Thoda Thoda Pyaar,"125,635,014","59,769"
Minelli,Rampampam,"125,346,051","36,731"
Naps,Best life,"125,178,833","85,845"
D.O.D,Still Sleepless,"124,960,540","191,154"
Polo Gonzalez,Sencillo Soy,"124,573,901","91,381"
Alex Luna,Te Marqué Pedo,"124,491,800","56,294"
Billie Eilish,GOLDWING,"124,425,620","91,878"
PEDRO SAMPAIO,ATENÇÃO,"124,296,781","54,592"
Parmalee,Take My Name,"124,054,617","60,177"
Drake,IMY2,"124,002,216","36,127"
Nej,Paro,"123,847,697","82,177"
Wet Leg,Wet Dream,"123,830,125","107,928"
Jenna Raine,see you later (ten years),"123,784,266","41,904"
Jameson Rodgers,Cold Beer Calling My Name,"123,509,246","72,676"
Soso Maness,Petrouchka,"123,445,281","38,526"
Tate McRae,working,"123,298,015","22,117"
Jessé Aguiar,Alívio,"123,005,876","55,556"
Sueco,Paralyzed,"122,932,455","40,208"
YOASOBI,三原色,"122,779,744","48,085"
Imanbek,Dancing On Dangerous,"122,769,345","19,633"
Anne-Marie,Don't Play,"122,698,980","14,741"
Sheena Easton,We've Got Tonight,"122,534,164","59,520"
JHAYCO,Tokyo,"122,488,147","161,054"
La Fiera de Ojinaga,No Paras de Hacerme Feliz,"122,182,028","81,254"
Red Velvet,Queendom,"121,877,692","57,609"
Fresto Music,Me Hace Daño Verte,"121,742,365","177,875"
BIA,WHOLE LOTTA MONEY,"121,655,144","29,921"
UZI,Makina,"121,556,451","49,493"
Sidoka,"Louis V, Menina Linda","121,433,730","80,525"
Tiara Andini,Maafkan Aku #terlanjurmencinta,"121,421,250","48,486"
DJ Khaled,I DID IT,"121,310,227","18,319"
Galantis,Dandelion,"121,062,342","14,164"
Bebe Rexha,Sacrifice,"120,973,685","16,295"
Topic,Chain My Heart,"120,839,430","25,099"
YBN Nahmir,Opp Stoppa,"120,775,761","16,867"
Feid,VACAXIONES,"120,625,140","43,355"
Joeboy,Sip (Alcohol),"120,324,136","97,958"
Mimi Webb,Dumb Love,"120,138,205","18,032"
Alan Walker,Man On The Moon,"119,768,960","61,892"
Javed-Mohsin,Kabhii Tumhhe,"119,740,336","98,751"
YOASOBI,ハルカ,"119,676,858","49,933"
Drake,Get Along Better,"119,580,493","89,660"
Foreign Teck,Conexión,"119,523,034","61,426"
Justin Bieber,Deserve You,"119,521,077","35,038"
The Kid LAROI,NEED YOU MOST (So Sick),"119,330,609","20,517"
No.1,Yarım Kalan Sigara,"119,225,283","93,969"
JBEE,4:00 AM,"119,126,345","55,587"
Koba LaD,Daddy chocolat,"119,058,475","53,776"
Brytiago,Desnudarte,"119,024,792","33,124"
Adele,To Be Loved,"118,977,591","57,477"
Ninho,VVS,"118,862,953","43,289"
1099,Durstlöscher,"118,848,505","87,843"
JP Saxe,A Little Bit Yours,"118,753,558","31,146"
Ed Sheeran,First Times,"118,745,657","32,528"
DENNIS,Deixa de Onda (Porra Nenhuma),"118,670,266","18,016"
Gusttavo Lima,De Menina pra Mulher,"118,615,021","8,220"
Idgitaf,Takut,"117,983,010","108,270"
Morgan Wallen,Only Thing That’s Gone,"117,830,354","173,278"
Matheus & Kauan,Imagina A Sentada,"117,420,521","15,464"
Dream,Roadtrip,"117,273,234","8,730"
Dave,Verdansk,"117,231,711","51,130"
Rkomi,LA CODA DEL DIAVOLO (con ELODIE),"117,226,039","54,417"
Chase Rice,Lonely If You Are,"117,117,039","16,884"
Wesley Safadão,Passatempo,"117,071,893","16,885"
Taylor Swift,The Last Time,"116,812,900","75,616"
Tegi Pannu,Schedule,"116,812,369","72,718"
Anitta,NO CHÃO NOVINHA,"116,772,326","30,690"
C. Tangana,Párteme La Cara,"116,568,132","61,022"
J. Cole,l e t . g o . m y . h a n d,"116,522,693","40,630"
Skrillex,Don’t Go,"116,457,004","24,697"
Whales,Dead To Me,"116,365,651","40,127"
Taylor Swift,Come Back...Be Here (Taylor's Version),"116,290,100","72,620"
Rkomi,LUNA PIENA (con IRAMA),"116,276,216","61,038"
Israel & Rodolffo,Faz Amor Comigo Só Hoje,"116,194,096","12,116"
Bea Miller,Playground (from the series Arcane League of Legends),"116,109,607","52,805"
BLANCO,Finché Non Mi Seppelliscono,"116,069,125","30,637"
Murilo Huff,Uma Ex,"116,051,842","41,457"
Taylor Swift,Forever & Always (Taylor’s Version),"115,806,909","73,407"
Vitor Fernandes,Vou falar que não quero,"115,634,852","13,890"
NCT DREAM,Life Is Still Going On,"115,530,596","44,507"
Alvaro Diaz,Llori Pari,"115,265,503","172,431"
John Mayer,Last Train Home,"114,885,608","42,295"
Marília Mendonça,Motel Afrodite,"114,856,088","50,910"
Berkay Altunyay,Olmazlara İnat,"114,451,976","62,521"
"Luis Angel ""El Flaco""",Y Si Se Quiere Ir,"114,370,757","81,537"
J. Cole,9 5 . s o u t h,"114,271,702","25,200"
Bo Burnham,All Eyes On Me,"114,128,382","26,515"
Taylor Swift,You All Over Me,"114,102,150","42,303"
Surfaces,Come With Me,"113,978,733","68,134"
Kenndog,Beethoven,"113,880,479","20,391"
Justin Bieber,Loved By You,"113,824,357","41,575"
Quinn XCII,Stay Next To Me,"113,817,201","14,166"
Sech,PSL,"113,796,170","16,209"
Taylor Swift,Treacherous (Taylor's Version),"113,740,705","56,701"
Kay Flock,Is Ya Ready,"113,639,523","99,486"
Billie Eilish,Everybody Dies,"113,502,614","57,657"
Taylor Swift,it’s time to go,"113,224,121","68,314"
Billy Currington,We Are Tonight,"113,084,171","23,741"
David Bisbal,Mi Princesa,"113,020,164","44,362"
CORPSE,agoraphobic,"112,983,801","17,267"
Baby Keem,vent,"112,819,576","75,499"
kostromin,Моя голова винтом,"112,779,606","29,882"
JEON SOMI,XOXO,"112,573,618","44,282"
YOASOBI,もう少しだけ,"112,537,279","39,577"
Lil Tjay,Move On,"112,351,753","29,665"
PEDRO SAMPAIO,FALA MAL DE MIM,"112,212,838","15,462"
Feid,AMOR DE MI VIDA,"112,135,947","85,062"
Selena Gomez & The Scene,A Year Without Rain,"112,093,181","37,519"
Pop Smoke,Demeanor,"112,059,295","27,888"
DJ Snake,Selfish Love,"111,995,904","20,572"
Twenty One Pilots,Saturday,"111,982,102","33,757"
"Tyler, The Creator",LEMONHEAD,"111,749,333","40,373"
The Kid LAROI,MAYBE,"111,717,535","16,061"
JEON SOMI,What You Waiting For,"111,701,985","32,673"
YOASOBI,アンコール,"111,573,465","38,993"
A Boogie Wit da Hoodie,24 Hours,"111,242,605","46,658"
Ren Ran,飞鸟和蝉,"111,123,989","42,826"
Brisa Star,Se Joga no Passinho,"110,937,538","12,289"
Måneskin,VENT'ANNI,"110,881,817","36,798"
Tananai,BABY GODDAMN,"110,788,045","67,338"
JELEEL!,DIVE IN!,"110,521,614","43,029"
H.E.R.,Damage,"110,470,379","46,097"
Drake,Race My Mind,"110,210,833","47,759"
Anuel AA,North Carolina,"110,178,122","53,218"
JHAYCO,Christian Dior,"109,930,521","21,148"
Trinix,She Said (Big Jet Plane),"109,889,325","168,405"
David Bisbal,Me Enamoré De Ti,"109,821,175","25,224"
"Tyler, The Creator",CORSO,"109,750,036","50,089"
MC Cabelinho,ESSÊNCIA DE CRIA,"109,496,756","55,246"
DG e Batidão Stronda,Sem Sentimento,"109,306,587","11,010"
Polo G,No Return,"109,240,754","17,546"
Jorge & Mateus,Namorando Com Saudade,"109,144,698","10,392"
mazie,dumb dumb,"109,085,073","111,764"
Larissa Lambert,Weak,"109,056,711","28,221"
Fedez,MILLE,"108,706,439","28,354"
Timal,Filtré,"108,389,828","54,624"
Judika,Bagaimana Kalau Aku Tidak Baik Baik Saja,"108,191,673","92,158"
NCT DREAM,Hello Future,"107,707,807","37,108"
ロクデナシ,ただ声一つ,"107,484,513","179,957"
Enrique Iglesias,ME PASE,"107,380,185","26,217"
Seether,Nobody Praying For Me,"107,305,066","36,013"
DJ Khaled,LET IT GO,"107,248,189","19,191"
JHAYCO,En Mi Cuarto,"107,206,945","41,538"
Billie Eilish,Not My Responsibility,"107,185,094","78,753"
Lovejoy,Sex Sells,"107,169,701","12,752"
OneRepublic,Wanted,"107,139,114","12,805"
Conjunto Rienda Real,Nadie Va A Pensar En Ti Mejor Que Yo,"107,038,831","55,410"
Griff,Black Hole,"107,030,397","28,389"
Bruno Mars,Love's Train,"106,989,742","70,847"
Seether,Country Song,"106,932,424","37,986"
DJ Patrick Muniz,"Trava na Pose, Chama no Zoom, Da um Close","106,867,266","11,842"
SpotemGottem,Beat Box 3,"106,819,905","12,770"
Stray Kids,DOMINO,"106,805,331","67,105"
Ha*Ash,Odio Amarte,"106,766,736","58,609"
Lo ki,Kagome,"106,600,956","70,281"
Taylor Swift,Begin Again (Taylor's Version),"106,550,496","72,170"
Henrique & Juliano,Rasteira,"106,074,336","28,797"
24kGoldn,"3, 2, 2001","106,060,752","18,082"
BLANCO,Paraocchi,"106,057,484","21,027"
Bresh,Angelina Jolie,"105,948,173","39,264"
Yuridia,Cobarde,"105,926,232","33,560"
Baby Keem,range brothers,"105,840,173","34,003"
Doja Cat,Options,"105,723,039","32,286"
David Bisbal,Diez Mil Maneras,"105,543,347","19,385"
Taylor Swift,Fifteen (Taylor’s Version),"105,369,878","68,198"
Raffa Fl,Ritmo,"105,223,043","64,758"
Billie Eilish,OverHeated,"105,054,014","60,051"
OneRepublic,Didn't I,"104,380,455","12,901"
Sidhu Moose Wala,These Days,"104,301,823","95,306"
Morgan Wallen,Neon Eyes,"103,968,460","52,837"
Taylor Swift,White Horse (Taylor’s Version),"103,958,154","75,919"
KAROL G,LEYENDAS,"103,957,540","25,845"
Go_A,SHUM,"103,936,295","34,086"
Lovejoy,Taunt,"103,908,120","13,078"
The Kid LAROI,FEEL SOMETHING,"103,822,492","18,460"